0.269119;Commune d'implantation (Par année);Commune d'implantation Lib L (Par année);Ville;Commune d'implantation;Dept.;Dénomination principale (Par année);Dénomination principale;Département;F24;Groupe;Groupe-g;Lib Département;Nom du collège;Nombre admis avec mention;Nombre d'admis Mention AB;Nombre d'admis Mention B;Nombre d'admis Mention TB;Nombre d'admis sans Mention;Nombre d'inscrits;Nombre de présents;Nombre total d'admis;Note /20;Note-g;Nombre d'enregistrements;Numéro d'établissement (Par année);Numéro d'établissement;Occurrence;Occurrences;Patronyme (Par année);Patronyme;Points;REP;Session;Taux de mention;Taux de réussite;Taux de réussite-g;Tri (Par année);Tri;URL;Validation;Zone;Secteur d'enseignement-g;Secteur d'enseignement
;75006;PARIS;PARIS;75006;75;COLLEGE;COLLEGE;PARIS (75);;-;A;Paris;COLLEGE MONTAIGNE;125;10;18;97;9;140;140;134;18,5;17,5;1;0752527P;0752527P;1;3;MONTAIGNE;MONTAIGNE;185;Non;2017;89,30%;95,70%;0,957;3668;3668;https://www.letudiant.fr/etudes/annuaire-des-colleges/college-montaigne-8592.html;Oui;Îles de France;PUBLIC;PUBLIC
;75003;PARIS;PARIS;75003;75;COLLEGE;COLLEGE;PARIS (75);;-;A;Paris;COLLEGE PIERRE-JEAN DE BERANGER;79;10;20;49;7;87;87;86;19;17,4;1;0750387N;0750387N;1;3;PIERRE-JEAN DE BERANGER;PIERRE-JEAN DE BERANGER;190;Non;2017;90,80%;98,90%;0,989;3614;3614;https://www.letudiant.fr/etudes/annuaire-des-colleges/college-pierre-jean-de-beranger-8439.html;Oui;Îles de France;PUBLIC;PUBLIC
;75005;PARIS;PARIS;75005;75;COLLEGE;COLLEGE;PARIS (75);;-;A;Paris;COLLEGE RAYMOND QUENEAU;96;11;27;58;19;125;125;115;16,9;16,5;1;0752186U;0752186U;1;3;RAYMOND QUENEAU;RAYMOND QUENEAU;169;Non;2017;76,80%;92,00%;0,92;3645;3645;https://www.letudiant.fr/etudes/annuaire-des-colleges/college-raymond-queneau-8564.html;Oui;Îles de France;PUBLIC;PUBLIC
;75010;PARIS;PARIS;75010;75;COLLEGE;COLLEGE;PARIS (75);;-;A;Paris;COLLEGE FRANCOISE SELIGMANN;54;12;18;24;13;74;74;67;16,4;16,5;1;0755778Y;0755778Y;1;2;FRANCOISE SELIGMANN;FRANCOISE SELIGMANN;164;Non;2017;73,00%;90,50%;0,905;3724;3724;https://www.letudiant.fr/etudes/annuaire-des-colleges/college-francoise-seligmann-college-francoise-seligmann-12797.html;Oui;Îles de France;PUBLIC;PUBLIC
;75005;PARIS;PARIS;75005;75;COLLEGE;COLLEGE;PARIS (75);;-;A;Paris;COLLEGE HENRI IV;160;12;24;124;6;171;171;166;19,1;18,6;1;0752526N;0752526N;1;3;HENRI IV;HENRI IV;191;Non;2017;93,60%;97,10%;0,971;3667;3667;https://www.letudiant.fr/etudes/annuaire-des-colleges/college-henri-iv-8591.html;Oui;Îles de France;PUBLIC;PUBLIC
;75014;PARIS;PARIS;75014;75;COLLEGE;COLLEGE;PARIS (75);;-;A;Paris;COLLEGE SAINT-EXUPERY;73;12;29;32;10;83;83;83;18,8;16,3;1;0754253R;0754253R;1;3;SAINT-EXUPERY;SAINT-EXUPERY;188;Non;2017;88,00%;100,00%;1;3713;3713;https://www.letudiant.fr/etudes/annuaire-des-colleges/college-saint-exupery-8790.html;Oui;Îles de France;PUBLIC;PUBLIC
;75008;PARIS;PARIS;75008;75;COLLEGE;COLLEGE;PARIS (75);;-;A;Paris;COLLEGE CONDORCET;169;12;34;123;7;181;181;176;19,1;18,4;1;0751791P;0751791P;1;3;CONDORCET;CONDORCET;191;Non;2017;93,40%;97,20%;0,972;3641;3641;https://www.letudiant.fr/etudes/annuaire-des-colleges/college-condorcet-8555.html;Oui;Îles de France;PUBLIC;PUBLIC
;75015;PARIS;PARIS;75015;75;COLLEGE;COLLEGE;PARIS (75);;-;A;Paris;COLLEGE CLAUDE DEBUSSY;101;13;25;63;4;106;105;105;19,6;16,8;1;0752317L;0752317L;1;3;CLAUDE DEBUSSY;CLAUDE DEBUSSY;196;Non;2017;96,20%;100,00%;1;3659;3659;https://www.letudiant.fr/etudes/annuaire-des-colleges/college-claude-debussy-8579.html;Oui;Îles de France;PUBLIC;PUBLIC
;75007;PARIS;PARIS;75007;75;COLLEGE;COLLEGE;PARIS (75);;-;A;Paris;COLLEGE VICTOR DURUY;141;14;40;87;19;166;165;160;18,3;17,1;1;0752528R;0752528R;1;3;VICTOR DURUY;VICTOR DURUY;183;Non;2017;85,50%;97,00%;0,97;3669;3669;https://www.letudiant.fr/etudes/annuaire-des-colleges/college-victor-duruy-8593.html;Oui;Îles de France;PUBLIC;PUBLIC
;75002;PARIS;PARIS;75002;75;COLLEGE;COLLEGE;PARIS (75);;-;A;Paris;COLLEGE CESAR FRANCK;61;15;15;31;11;81;81;72;16,4;16,3;1;0752248L;0752248L;1;3;CESAR FRANCK;CESAR FRANCK;164;Non;2017;75,30%;88,90%;0,889;3653;3653;https://www.letudiant.fr/etudes/annuaire-des-colleges/college-cesar-franck-8573.html;Oui;Îles de France;PUBLIC;PUBLIC
;75011;PARIS;PARIS;75011;75;COLLEGE;COLLEGE;PARIS (75);;-;A;Paris;COLLEGE BEAUMARCHAIS;93;15;20;58;10;109;108;103;18,2;16,7;1;0750362L;0750362L;1;3;BEAUMARCHAIS;BEAUMARCHAIS;182;Non;2017;86,10%;95,40%;0,954;3613;3613;https://www.letudiant.fr/etudes/annuaire-des-colleges/college-beaumarchais-8438.html;Oui;Îles de France;PUBLIC;PUBLIC
;75003;PARIS;PARIS;75003;75;COLLEGE;COLLEGE;PARIS (75);;-;A;Paris;COLLEGE VICTOR HUGO;98;15;29;54;4;113;113;102;17,7;16,2;1;0752524L;0752524L;1;3;VICTOR HUGO;VICTOR HUGO;177;Non;2017;86,70%;90,30%;0,903;3665;3665;https://www.letudiant.fr/etudes/annuaire-des-colleges/college-victor-hugo-8589.html;Oui;Îles de France;PUBLIC;PUBLIC
;75018;PARIS;PARIS;75018;75;COLLEGE;COLLEGE;PARIS (75);;-;A;Paris;COLLEGE YVONNE LE TAC;72;16;23;33;12;104;103;84;15,2;16,3;1;0752108J;0752108J;1;3;YVONNE LE TAC;YVONNE LE TAC;152;Non;2017;69,90%;81,60%;0,816;3644;3644;https://www.letudiant.fr/etudes/annuaire-des-colleges/college-yvonne-le-tac-8559.html;Oui;Îles de France;PUBLIC;PUBLIC
;75005;PARIS;PARIS;75005;75;COLLEGE;COLLEGE;PARIS (75);;-;A;Paris;COLLEGE PIERRE ALVISET;125;18;39;68;13;145;145;138;18,1;17,4;1;0751790N;0751790N;1;3;PIERRE ALVISET;PIERRE ALVISET;181;Non;2017;86,20%;95,20%;0,952;3640;3640;https://www.letudiant.fr/etudes/annuaire-des-colleges/college-pierre-alviset-8554.html;Oui;Îles de France;PUBLIC;PUBLIC
;75004;PARIS;PARIS;75004;75;COLLEGE;COLLEGE;PARIS (75);;-;A;Paris;COLLEGE FRANCOIS COUPERIN;94;19;18;57;16;129;126;110;16,2;16,2;1;0752693V;0752693V;1;3;FRANCOIS COUPERIN;FRANCOIS COUPERIN;162;Non;2017;74,60%;87,30%;0,873;3698;3698;https://www.letudiant.fr/etudes/annuaire-des-colleges/college-francois-couperin-8624.html;Oui;Îles de France;PUBLIC;PUBLIC
;75012;PARIS;PARIS;75012;75;COLLEGE;COLLEGE;PARIS (75);;-;A;Paris;COLLEGE GEORGES COURTELINE;115;19;28;68;20;146;145;135;17,2;16,5;1;0750444A;0750444A;1;3;GEORGES COURTELINE;GEORGES COURTELINE;172;Non;2017;79,30%;93,10%;0,931;3617;3617;https://www.letudiant.fr/etudes/annuaire-des-colleges/college-georges-courteline-8445.html;Oui;Îles de France;PUBLIC;PUBLIC
;75008;PARIS;PARIS;75008;75;COLLEGE;COLLEGE;PARIS (75);;-;A;Paris;COLLEGE CHAPTAL;126;19;31;76;16;146;146;142;18,4;16,9;1;0752529S;0752529S;1;3;CHAPTAL;CHAPTAL;184;Non;2017;86,30%;97,30%;0,973;3670;3670;https://www.letudiant.fr/etudes/annuaire-des-colleges/college-chaptal-8594.html;Oui;Îles de France;PUBLIC;PUBLIC
;75005;PARIS;PARIS;75005;75;COLLEGE;COLLEGE;PARIS (75);;-;A;Paris;COLLEGE LAVOISIER;91;2;7;82;2;93;93;93;19,8;18,1;1;0752531U;0752531U;1;3;LAVOISIER;LAVOISIER;198;Non;2017;97,80%;100,00%;1;3672;3672;https://www.letudiant.fr/etudes/annuaire-des-colleges/college-lavoisier-8596.html;Oui;Îles de France;PUBLIC;PUBLIC
;75016;PARIS;PARIS;75016;75;COLLEGE;COLLEGE;PARIS (75);;-;A;Paris;COLLEGE JEAN-BAPTISAINTE SAY;164;20;30;114;7;171;171;171;19,6;19,1;1;0752549N;0752549N;1;3;JEAN-BAPTISTE SAY;JEAN-BAPTISAINTE SAY;196;Non;2017;95,90%;100,00%;1;3688;3688;https://www.letudiant.fr/etudes/annuaire-des-colleges/college-jean-baptiste-say-8612.html;Oui;Îles de France;PUBLIC;PUBLIC
;75016;PARIS;PARIS;75016;75;COLLEGE;COLLEGE;PARIS (75);;-;A;Paris;COLLEGE JEAN DE LA FONTAINE;164;21;42;101;25;203;203;189;17,4;17,4;1;0752550P;0752550P;1;3;JEAN DE LA FONTAINE;JEAN DE LA FONTAINE;174;Non;2017;80,80%;93,10%;0,931;3689;3689;https://www.letudiant.fr/etudes/annuaire-des-colleges/college-jean-de-la-fontaine-8613.html;Oui;Îles de France;PUBLIC;PUBLIC
;75017;PARIS;PARIS;75017;75;COLLEGE;COLLEGE;PARIS (75);;-;A;Paris;COLLEGE ANDRE MALRAUX;101;22;22;57;13;121;121;114;17,8;17,5;1;0752387M;0752387M;1;3;ANDRE MALRAUX;ANDRE MALRAUX;178;Non;2017;83,50%;94,20%;0,942;3663;3663;https://www.letudiant.fr/etudes/annuaire-des-colleges/college-andre-malraux-8584.html;Oui;Îles de France;PUBLIC;PUBLIC
;75017;PARIS;PARIS;75017;75;COLLEGE;COLLEGE;PARIS (75);;-;A;Paris;COLLEGE CARNOT;157;22;49;86;20;179;178;177;18,8;17,1;1;0752552S;0752552S;1;3;CARNOT;CARNOT;188;Non;2017;88,20%;99,40%;0,994;3691;3691;https://www.letudiant.fr/etudes/annuaire-des-colleges/college-carnot-8615.html;Oui;Îles de France;PUBLIC;PUBLIC
;75011;PARIS;PARIS;75011;75;COLLEGE;COLLEGE;PARIS (75);;-;A;Paris;COLLEGE ANNE FRANK;90;23;29;38;12;104;104;102;18,5;16,6;1;0750608D;0750608D;1;3;ANNE FRANK;ANNE FRANK;185;Non;2017;86,50%;98,10%;0,981;3631;3631;https://www.letudiant.fr/etudes/annuaire-des-colleges/college-anne-frank-8465.html;Oui;Îles de France;PUBLIC;PUBLIC
;75015;PARIS;PARIS;75015;75;COLLEGE;COLLEGE;PARIS (75);;-;A;Paris;COLLEGE CAMILLE SEE;140;23;39;78;17;165;164;157;18,1;16,7;1;0752546K;0752546K;1;3;CAMILLE SEE;CAMILLE SEE;181;Non;2017;85,40%;95,70%;0,957;3685;3685;https://www.letudiant.fr/etudes/annuaire-des-colleges/college-camille-see-8609.html;Oui;Îles de France;PUBLIC;PUBLIC
;75013;PARIS;PARIS;75013;75;COLLEGE;COLLEGE;PARIS (75);;-;A;Paris;COLLEGE MOULIN DES PRES;95;24;14;57;11;114;113;106;17,8;16,4;1;0750525N;0750525N;1;3;MOULIN DES PRES;MOULIN DES PRES;178;Non;2017;84,10%;93,80%;0,938;3623;3623;https://www.letudiant.fr/etudes/annuaire-des-colleges/college-moulin-des-pres-8454.html;Oui;Îles de France;PUBLIC;PUBLIC
;75015;PARIS;PARIS;75015;75;COLLEGE;COLLEGE;PARIS (75);;-;A;Paris;COLLEGE GEORGES DUHAMEL;100;25;24;51;12;119;119;112;17,8;17,2;1;0752192A;0752192A;1;3;GEORGES DUHAMEL;GEORGES DUHAMEL;178;Non;2017;84,00%;94,10%;0,941;3649;3649;https://www.letudiant.fr/etudes/annuaire-des-colleges/college-georges-duhamel-8568.html;Oui;Îles de France;PUBLIC;PUBLIC
;75017;PARIS;PARIS;75017;75;COLLEGE;COLLEGE;PARIS (75);;-;A;Paris;COLLEGE PIERRE DE RONSARD;148;26;26;96;21;181;181;169;17,5;17,5;1;0752107H;0752107H;1;3;PIERRE DE RONSARD;PIERRE DE RONSARD;175;Non;2017;81,80%;93,40%;0,934;3643;3643;https://www.letudiant.fr/etudes/annuaire-des-colleges/college-pierre-de-ronsard-8558.html;Oui;Îles de France;PUBLIC;PUBLIC
;75015;PARIS;PARIS;75015;75;COLLEGE;COLLEGE;PARIS (75);;-;A;Paris;COLLEGE BUFFON;152;26;35;91;15;177;177;167;18;17,2;1;0752545J;0752545J;1;3;BUFFON;BUFFON;180;Non;2017;85,90%;94,40%;0,944;3684;3684;https://www.letudiant.fr/etudes/annuaire-des-colleges/college-buffon-8608.html;Oui;Îles de France;PUBLIC;PUBLIC
;75016;PARIS;PARIS;75016;75;COLLEGE;COLLEGE;PARIS (75);;-;A;Paris;COLLEGE JANSON DE SAILLY;321;36;52;233;34;388;388;355;17,4;17,1;1;0752548M;0752548M;1;3;JANSON DE SAILLY;JANSON DE SAILLY;174;Non;2017;82,70%;91,50%;0,915;3687;3687;https://www.letudiant.fr/etudes/annuaire-des-colleges/college-janson-de-sailly-8611.html;Oui;Îles de France;PUBLIC;PUBLIC
;75014;PARIS;PARIS;75014;75;COLLEGE;COLLEGE;PARIS (75);;-;A;Paris;COLLEGE PAUL BERT;67;5;12;50;9;79;79;76;18,1;16,2;1;0752543G;0752543G;1;3;PAUL BERT;PAUL BERT;181;Non;2017;84,80%;96,20%;0,962;3682;3682;https://www.letudiant.fr/etudes/annuaire-des-colleges/college-paul-bert-8606.html;Oui;Îles de France;PUBLIC;PUBLIC
;75008;PARIS;PARIS;75008;75;COLLEGE;COLLEGE;PARIS (75);;-;A;Paris;COLLEGE OCTAVE GREARD;175;5;21;149;6;191;188;181;18,9;17,8;1;0752530T;0752530T;1;3;OCTAVE GREARD;OCTAVE GREARD;189;Non;2017;93,10%;96,30%;0,963;3671;3671;https://www.letudiant.fr/etudes/annuaire-des-colleges/college-octave-greard-8595.html;Oui;Îles de France;PUBLIC;PUBLIC
;75007;PARIS;PARIS;75007;75;COLLEGE;COLLEGE;PARIS (75);;-;A;Paris;COLLEGE JULES ROMAINS;152;6;18;128;10;167;166;162;18,9;17,3;1;0752249M;0752249M;1;3;JULES ROMAINS;JULES ROMAINS;189;Non;2017;91,60%;97,60%;0,976;3654;3654;https://www.letudiant.fr/etudes/annuaire-des-colleges/college-jules-romains-8574.html;Oui;Îles de France;PUBLIC;PUBLIC
;75004;PARIS;PARIS;75004;75;COLLEGE;COLLEGE;PARIS (75);;-;A;Paris;COLLEGE CHARLEMAGNE;104;6;19;79;13;118;118;117;18,7;18,2;1;0752525M;0752525M;1;3;CHARLEMAGNE;CHARLEMAGNE;187;Non;2017;88,10%;99,20%;0,992;3666;3666;https://www.letudiant.fr/etudes/annuaire-des-colleges/college-charlemagne-8590.html;Oui;Îles de France;PUBLIC;PUBLIC
;75005;PARIS;PARIS;75005;75;COLLEGE;COLLEGE;PARIS (75);;-;A;Paris;COLLEGE ROGNONI;45;8;13;24;4;50;50;49;18,8;18,9;1;0750407K;0750407K;1;3;ROGNONI;ROGNONI;188;Non;2017;90,00%;98,00%;0,98;3615;3615;https://www.letudiant.fr/etudes/annuaire-des-colleges/college-rognoni-8440.html;Oui;Îles de France;PUBLIC;PUBLIC
;75009;PARIS;PARIS;75009;75;COLLEGE;COLLEGE;PARIS (75);;-;B;Paris;COLLEGE LAMARTINE;85;11;23;51;10;97;97;95;18,6;16,1;1;0752534X;0752534X;1;3;LAMARTINE;LAMARTINE;186;Non;2017;87,60%;97,90%;0,979;3675;3675;https://www.letudiant.fr/etudes/annuaire-des-colleges/college-lamartine-8599.html;Oui;Îles de France;PUBLIC;PUBLIC
;75020;PARIS;PARIS;75020;75;COLLEGE;COLLEGE;PARIS (75);;-;B;Paris;COLLEGE HELENE BOUCHER;84;11;27;46;18;112;112;102;16,6;15,8;1;0752556W;0752556W;1;3;HELENE BOUCHER;HELENE BOUCHER;166;Non;2017;75,00%;91,10%;0,911;3695;3695;https://www.letudiant.fr/etudes/annuaire-des-colleges/college-helene-boucher-8619.html;Oui;Îles de France;PUBLIC;PUBLIC
;75018;PARIS;PARIS;75018;75;COLLEGE;COLLEGE;PARIS (75);;-;B;Paris;COLLEGE ROLAND DORGELES;79;15;28;36;10;101;101;89;16,6;15,6;1;0750429J;0750429J;1;3;ROLAND DORGELES;ROLAND DORGELES;166;Non;2017;78,20%;88,10%;0,881;3616;3616;https://www.letudiant.fr/etudes/annuaire-des-colleges/college-roland-dorgeles-8443.html;Oui;Îles de France;PUBLIC;PUBLIC
;75012;PARIS;PARIS;75012;75;COLLEGE;COLLEGE;PARIS (75);;-;B;Paris;COLLEGE JEAN-FRANCOIS OEBEN;77;16;33;28;11;111;111;88;14,9;15,2;1;0752542F;0752542F;1;3;JEAN-FRANCOIS OEBEN;JEAN-FRANCOIS OEBEN;149;Non;2017;69,40%;79,30%;0,793;3681;3681;https://www.letudiant.fr/etudes/annuaire-des-colleges/college-jean-francois-oeben-8605.html;Oui;Îles de France;PUBLIC;PUBLIC
;75009;PARIS;PARIS;75009;75;COLLEGE;COLLEGE;PARIS (75);;-;B;Paris;COLLEGE JULES FERRY;100;17;34;49;4;112;112;104;18,2;16,1;1;0752533W;0752533W;1;3;JULES FERRY;JULES FERRY;182;Non;2017;89,30%;92,90%;0,929;3674;3674;https://www.letudiant.fr/etudes/annuaire-des-colleges/college-jules-ferry-8598.html;Oui;Îles de France;PUBLIC;PUBLIC
;75009;PARIS;PARIS;75009;75;COLLEGE;COLLEGE;PARIS (75);;-;B;Paris;COLLEGE PAUL GAUGUIN;80;19;27;34;8;96;95;88;17,7;15,9;1;0752250N;0752250N;1;3;PAUL GAUGUIN;PAUL GAUGUIN;177;Non;2017;84,20%;92,60%;0,926;3655;3655;https://www.letudiant.fr/etudes/annuaire-des-colleges/college-paul-gauguin-8575.html;Oui;Îles de France;PUBLIC;PUBLIC
;75013;PARIS;PARIS;75013;75;COLLEGE;COLLEGE;PARIS (75);;-;B;Paris;COLLEGE CLAUDE MONET;93;20;20;53;12;117;117;105;16,9;15,6;1;0752539C;0752539C;1;3;CLAUDE MONET;CLAUDE MONET;169;Non;2017;79,50%;89,70%;0,897;3679;3679;https://www.letudiant.fr/etudes/annuaire-des-colleges/college-claude-monet-8603.html;Oui;Îles de France;PUBLIC;PUBLIC
;75009;PARIS;PARIS;75009;75;COLLEGE;COLLEGE;PARIS (75);;-;B;Paris;COLLEGE JACQUES DECOUR;97;21;30;46;20;138;134;117;16;15,3;1;0752532V;0752532V;1;3;JACQUES DECOUR;JACQUES DECOUR;160;Non;2017;72,40%;87,30%;0,873;3673;3673;https://www.letudiant.fr/etudes/annuaire-des-colleges/college-jacques-decour-8597.html;Oui;Îles de France;PUBLIC;PUBLIC
;75006;PARIS;PARIS;75006;75;COLLEGE;COLLEGE;PARIS (75);;-;B;Paris;COLLEGE JACQUES PREVERT;62;22;20;20;24;103;103;86;14,4;15,2;1;0752187V;0752187V;1;3;JACQUES PREVERT;JACQUES PREVERT;144;Non;2017;60,20%;83,50%;0,835;3646;3646;https://www.letudiant.fr/etudes/annuaire-des-colleges/college-jacques-prevert-8565.html;Oui;Îles de France;PUBLIC;PUBLIC
;75015;PARIS;PARIS;75015;75;COLLEGE;COLLEGE;PARIS (75);;-;B;Paris;COLLEGE DE STAEL;81;22;21;38;16;110;110;97;16,2;15,2;1;0751563S;0751563S;1;3;DE STAEL;DE STAEL;162;Non;2017;73,60%;88,20%;0,882;3635;3635;https://www.letudiant.fr/etudes/annuaire-des-colleges/college-de-stael-8545.html;Oui;Îles de France;PUBLIC;PUBLIC
;75014;PARIS;PARIS;75014;75;COLLEGE;COLLEGE;PARIS (75);;-;B;Paris;COLLEGE JEAN MOULIN;94;22;22;50;15;131;130;109;15,6;15,2;1;0750611G;0750611G;1;3;JEAN MOULIN;JEAN MOULIN;156;Non;2017;72,30%;83,80%;0,838;3634;3634;https://www.letudiant.fr/etudes/annuaire-des-colleges/college-jean-moulin-8468.html;Oui;Îles de France;PUBLIC;PUBLIC
;75014;PARIS;PARIS;75014;75;COLLEGE;COLLEGE;PARIS (75);;-;B;Paris;COLLEGE ALPHONSE DAUDET;86;22;31;33;13;111;110;99;16,8;15,4;1;0751705W;0751705W;1;3;ALPHONSE DAUDET;ALPHONSE DAUDET;168;Non;2017;78,20%;90,00%;0,9;3637;3637;https://www.letudiant.fr/etudes/annuaire-des-colleges/college-alphonse-daudet-8549.html;Oui;Îles de France;PUBLIC;PUBLIC
;75015;PARIS;PARIS;75015;75;COLLEGE;COLLEGE;PARIS (75);;-;B;Paris;COLLEGE ANDRE CITROEN;126;22;35;69;15;157;155;141;17,2;15,5;1;0754305X;0754305X;1;3;ANDRE CITROEN;ANDRE CITROEN;172;Non;2017;81,30%;91,00%;0,91;3714;3714;https://www.letudiant.fr/etudes/annuaire-des-colleges/college-andre-citroen-8792.html;Oui;Îles de France;PUBLIC;PUBLIC
;75018;PARIS;PARIS;75018;75;COLLEGE;COLLEGE;PARIS (75);;-;B;Paris;COLLEGE ANTOINE COYSEVOX;109;24;35;50;24;146;144;133;16,8;15,2;1;0752319N;0752319N;1;3;ANTOINE COYSEVOX;ANTOINE COYSEVOX;168;Non;2017;75,70%;92,40%;0,924;3661;3661;https://www.letudiant.fr/etudes/annuaire-des-colleges/college-antoine-coysevox-8581.html;Oui;Îles de France;PUBLIC;PUBLIC
;75013;PARIS;PARIS;75013;75;COLLEGE;COLLEGE;PARIS (75);;-;B;Paris;COLLEGE THOMAS MANN;95;26;32;37;17;135;133;112;15,6;15;1;0755000C;0755000C;1;3;THOMAS MANN;THOMAS MANN;156;Non;2017;71,40%;84,20%;0,842;3718;3718;https://www.letudiant.fr/etudes/annuaire-des-colleges/college-thomas-mann-8818.html;Oui;Îles de France;PUBLIC;PUBLIC
;75020;PARIS;PARIS;75020;75;COLLEGE;COLLEGE;PARIS (75);;-;B;Paris;COLLEGE LEON GAMBETTA;94;31;26;37;19;128;126;113;16,4;15;1;0752696Y;0752696Y;1;3;LEON GAMBETTA;LEON GAMBETTA;164;Non;2017;74,60%;89,70%;0,897;3701;3701;https://www.letudiant.fr/etudes/annuaire-des-colleges/college-leon-gambetta-8627.html;Oui;Îles de France;PUBLIC;PUBLIC
;75849;PARIS CEDEX 17;PARIS;75849;75;COLLEGE;COLLEGE;PARIS (75);;-;B;Paris;COLLEGE HONORE DE BALZAC;187;34;34;119;16;213;212;203;18,4;15,7;1;0752553T;0752553T;1;3;HONORE DE BALZAC;HONORE DE BALZAC;184;Non;2017;88,20%;95,80%;0,958;3692;3692;https://www.letudiant.fr/etudes/annuaire-des-colleges/college-honore-de-balzac-8616.html;Oui;Îles de France;PUBLIC;PUBLIC
;75017;PARIS;PARIS;75017;75;COLLEGE;COLLEGE;PARIS (75);;-;B;Paris;COLLEGE STEPHANE MALLARME;148;37;42;69;42;209;207;190;16,3;15,5;1;0752554U;0752554U;1;3;STEPHANE MALLARME;STEPHANE MALLARME;163;Non;2017;71,50%;91,80%;0,918;3693;3693;https://www.letudiant.fr/etudes/annuaire-des-colleges/college-stephane-mallarme-8617.html;Oui;Îles de France;PUBLIC;PUBLIC
;75001;PARIS;PARIS;75001;75;COLLEGE;COLLEGE;PARIS (75);;-;B;Paris;COLLEGE JEAN-BAPTISAINTE POQUELIN;79;8;15;56;4;87;87;83;18,6;15,9;1;0751703U;0751703U;1;3;JEAN-BAPTISTE POQUELIN;JEAN-BAPTISAINTE POQUELIN;186;Non;2017;90,80%;95,40%;0,954;3636;3636;https://www.letudiant.fr/etudes/annuaire-des-colleges/college-jean-baptiste-poquelin-8548.html;Oui;Îles de France;PUBLIC;PUBLIC
;75016;PARIS;PARIS;75016;75;COLLEGE;COLLEGE;PARIS (75);;-;B;Paris;COLLEGE MOLIERE;119;8;16;95;12;141;140;131;17,9;16,1;1;0752551R;0752551R;1;3;MOLIERE;MOLIERE;179;Non;2017;85,00%;93,60%;0,936;3690;3690;https://www.letudiant.fr/etudes/annuaire-des-colleges/college-moliere-8614.html;Oui;Îles de France;PUBLIC;PUBLIC
;75010;PARIS;PARIS;75010;75;COLLEGE;COLLEGE;PARIS (75);;-;C;Paris;COLLEGE LOUISE MICHEL;76;12;15;49;25;128;127;101;13,9;14,5;1;0752251P;0752251P;1;3;LOUISE MICHEL;LOUISE MICHEL;139;Non;2017;59,80%;79,50%;0,795;3656;3656;https://www.letudiant.fr/etudes/annuaire-des-colleges/college-louise-michel-8576.html;Oui;Îles de France;PUBLIC;PUBLIC
;75011;PARIS;PARIS;75011;75;COLLEGE;COLLEGE;PARIS (75);;-;C;Paris;COLLEGE PILATRE DE ROZIER;82;13;26;43;15;110;109;97;16,4;14,5;1;0754528P;0754528P;1;3;PILATRE DE ROZIER;PILATRE DE ROZIER;164;Non;2017;75,20%;89,00%;0,89;3716;3716;https://www.letudiant.fr/etudes/annuaire-des-colleges/college-pilatre-de-rozier-8803.html;Oui;Îles de France;PUBLIC;PUBLIC
;75010;PARIS;PARIS;75010;75;COLLEGE;COLLEGE;PARIS (75);;-;C;Paris;COLLEGE VALMY;64;14;17;33;11;97;96;75;14,5;13,7;1;0750584C;0750584C;1;3;VALMY;VALMY;145;Non;2017;66,70%;78,10%;0,781;3628;3628;https://www.letudiant.fr/etudes/annuaire-des-colleges/college-valmy-8461.html;Oui;Îles de France;PUBLIC;PUBLIC
;75013;PARIS;PARIS;75013;75;COLLEGE;COLLEGE;PARIS (75);;-;C;Paris;COLLEGE GABRIEL FAURE;59;15;15;29;19;112;111;78;12,4;13,7;1;0752540D;0752540D;1;3;GABRIEL FAURE;GABRIEL FAURE;124;Non;2017;53,20%;70,30%;0,703;3680;3680;https://www.letudiant.fr/etudes/annuaire-des-colleges/college-gabriel-faure-8604.html;Oui;Îles de France;PUBLIC;PUBLIC
;75011;PARIS;PARIS;75011;75;COLLEGE;COLLEGE;PARIS (75);;-;C;Paris;COLLEGE VOLTAIRE;94;16;27;51;19;131;128;113;16,2;14,1;1;0752536Z;0752536Z;1;3;VOLTAIRE;VOLTAIRE;162;Non;2017;73,40%;88,30%;0,883;3676;3676;https://www.letudiant.fr/etudes/annuaire-des-colleges/college-voltaire-8600.html;Oui;Îles de France;PUBLIC;PUBLIC
;75010;PARIS;PARIS;75010;75;COLLEGE;COLLEGE;PARIS (75);;-;C;Paris;COLLEGE BERNARD PALISSY;54;17;11;26;11;81;81;65;14,7;13,6;1;0752829T;0752829T;1;3;BERNARD PALISSY;BERNARD PALISSY;147;Non;2017;66,70%;80,20%;0,802;3702;3702;https://www.letudiant.fr/etudes/annuaire-des-colleges/college-bernard-palissy-8632.html;Oui;Îles de France;PUBLIC;PUBLIC
;75013;PARIS;PARIS;75013;75;COLLEGE;COLLEGE;PARIS (75);;-;C;Paris;COLLEGE GEORGES BRAQUE;79;17;22;40;20;138;136;99;13,1;13,7;1;0752957G;0752957G;1;3;GEORGES BRAQUE;GEORGES BRAQUE;131;Non;2017;58,10%;72,80%;0,728;3703;3703;https://www.letudiant.fr/etudes/annuaire-des-colleges/college-georges-braque-8673.html;Oui;Îles de France;PUBLIC;PUBLIC
;75003;PARIS;PARIS;75003;75;COLLEGE;COLLEGE;PARIS (75);;-;C;Paris;COLLEGE MONTGOLFIER;83;17;26;40;20;111;111;103;16,8;14,9;1;0752523K;0752523K;1;3;MONTGOLFIER;MONTGOLFIER;168;Non;2017;74,80%;92,80%;0,928;3664;3664;https://www.letudiant.fr/etudes/annuaire-des-colleges/college-montgolfier-8588.html;Oui;Îles de France;PUBLIC;PUBLIC
;75019;PARIS;PARIS;75019;75;COLLEGE;COLLEGE;PARIS (75);;-;C;Paris;COLLEGE CHARLES PEGUY;75;18;17;40;19;124;124;94;13,6;14,2;1;0751706X;0751706X;1;3;CHARLES PEGUY;CHARLES PEGUY;136;Non;2017;60,50%;75,80%;0,758;3638;3638;https://www.letudiant.fr/etudes/annuaire-des-colleges/college-charles-peguy-8550.html;Oui;Îles de France;PUBLIC;PUBLIC
;75012;PARIS;PARIS;75012;75;COLLEGE;COLLEGE;PARIS (75);;-;C;Paris;COLLEGE PAUL VERLAINE;73;18;23;32;13;104;104;86;15,3;14,4;1;0750609E;0750609E;1;3;PAUL VERLAINE;PAUL VERLAINE;153;Non;2017;70,20%;82,70%;0,827;3632;3632;https://www.letudiant.fr/etudes/annuaire-des-colleges/college-paul-verlaine-8466.html;Oui;Îles de France;PUBLIC;PUBLIC
;75019;PARIS;PARIS;75019;75;COLLEGE;COLLEGE;PARIS (75);;-;C;Paris;COLLEGE CLAUDE CHAPPE;76;21;19;36;6;102;101;82;15,6;14,4;1;0750360J;0750360J;1;3;CLAUDE CHAPPE;CLAUDE CHAPPE;156;Non;2017;75,20%;81,20%;0,812;3612;3612;https://www.letudiant.fr/etudes/annuaire-des-colleges/college-claude-chappe-8437.html;Oui;Îles de France;PUBLIC;PUBLIC
;75013;PARIS;PARIS;75013;75;COLLEGE;COLLEGE;PARIS (75);;-;C;Paris;COLLEGE RODIN;78;23;17;38;14;107;106;92;16;14,9;1;0752538B;0752538B;1;3;RODIN;RODIN;160;Non;2017;73,60%;86,80%;0,868;3678;3678;https://www.letudiant.fr/etudes/annuaire-des-colleges/college-rodin-8602.html;Oui;Îles de France;PUBLIC;PUBLIC
;75019;PARIS;PARIS;75019;75;COLLEGE;COLLEGE;PARIS (75);;-;C;Paris;COLLEGE GEORGES BRASSENS;84;23;22;39;23;129;129;107;14,8;14;1;0750507U;0750507U;1;3;GEORGES BRASSENS;GEORGES BRASSENS;148;Non;2017;65,10%;82,90%;0,829;3622;3622;https://www.letudiant.fr/etudes/annuaire-des-colleges/college-georges-brassens-8452.html;Oui;Îles de France;PUBLIC;PUBLIC
;75011;PARIS;PARIS;75011;75;COLLEGE;COLLEGE;PARIS (75);;-;C;Paris;COLLEGE ALAIN FOURNIER;119;24;43;52;24;156;155;143;16,9;14,9;1;0750607C;0750607C;1;3;ALAIN FOURNIER;ALAIN FOURNIER;169;Non;2017;76,80%;92,30%;0,923;3630;3630;https://www.letudiant.fr/etudes/annuaire-des-colleges/college-alain-fournier-8464.html;Oui;Îles de France;PUBLIC;PUBLIC
;75015;PARIS;PARIS;75015;75;COLLEGE;COLLEGE;PARIS (75);;-;C;Paris;COLLEGE MODIGLIANI;94;26;27;41;27;140;140;121;15,4;14,2;1;0752318M;0752318M;1;3;MODIGLIANI;MODIGLIANI;154;Non;2017;67,10%;86,40%;0,864;3660;3660;https://www.letudiant.fr/etudes/annuaire-des-colleges/college-modigliani-8580.html;Oui;Îles de France;PUBLIC;PUBLIC
;75012;PARIS;PARIS;75012;75;COLLEGE;COLLEGE;PARIS (75);;-;C;Paris;COLLEGE PAUL VALERY;82;26;30;26;18;106;106;100;17,2;14,4;1;0752537A;0752537A;1;3;PAUL VALERY;PAUL VALERY;172;Non;2017;77,40%;94,30%;0,943;3677;3677;https://www.letudiant.fr/etudes/annuaire-des-colleges/college-paul-valery-8601.html;Oui;Îles de France;PUBLIC;PUBLIC
;75012;PARIS;PARIS;75012;75;COLLEGE;COLLEGE;PARIS (75);;-;C;Paris;COLLEGE GUY FLAVIEN;83;27;14;42;18;118;116;101;15,9;14,8;1;0752189X;0752189X;1;3;GUY FLAVIEN;GUY FLAVIEN;159;Non;2017;71,60%;87,10%;0,871;3647;3647;https://www.letudiant.fr/etudes/annuaire-des-colleges/college-guy-flavien-8566.html;Oui;Îles de France;PUBLIC;PUBLIC
;75020;PARIS;PARIS;75020;75;COLLEGE;COLLEGE;PARIS (75);;-;C;Paris;COLLEGE HENRI MATISSE;80;28;22;30;28;136;135;108;13,9;13,7;1;0750591K;0750591K;1;3;HENRI MATISSE;HENRI MATISSE;139;Non;2017;59,30%;80,00%;0,8;3629;3629;https://www.letudiant.fr/etudes/annuaire-des-colleges/college-henri-matisse-8463.html;Oui;Îles de France;PUBLIC;PUBLIC
;75020;PARIS;PARIS;75020;75;COLLEGE;COLLEGE;PARIS (75);;-;D;Paris;COLLEGE MAURICE RAVEL;37;11;11;15;13;83;79;50;11;11,8;1;0752557X;0752557X;1;3;MAURICE RAVEL;MAURICE RAVEL;110;Non;2017;46,80%;63,30%;0,633;3696;3696;https://www.letudiant.fr/etudes/annuaire-des-colleges/college-maurice-ravel-8620.html;Oui;Îles de France;PUBLIC;PUBLIC
;75020;PARIS;PARIS;75020;75;COLLEGE;COLLEGE;PARIS (75);;-;D;Paris;COLLEGE LUCIE FAURE;49;11;18;20;19;95;94;68;12,4;12;1;0750550R;0750550R;1;3;LUCIE FAURE;LUCIE FAURE;124;Non;2017;52,10%;72,30%;0,723;3625;3625;https://www.letudiant.fr/etudes/annuaire-des-colleges/college-lucie-faure-8456.html;Oui;Îles de France;PUBLIC;PUBLIC
;75012;PARIS;PARIS;75012;75;COLLEGE;COLLEGE;PARIS (75);;-;D;Paris;COLLEGE JULES VERNE;59;11;20;28;22;107;107;81;13,1;13,1;1;0750610F;0750610F;1;3;JULES VERNE;JULES VERNE;131;Non;2017;55,10%;75,70%;0,757;3633;3633;https://www.letudiant.fr/etudes/annuaire-des-colleges/college-jules-verne-8467.html;Oui;Îles de France;PUBLIC;PUBLIC
;75019;PARIS;PARIS;75019;75;COLLEGE;COLLEGE;PARIS (75);;-;D;Paris;COLLEGE SUZANNE LACORE;21;11;6;4;8;42;41;29;12,2;12,2;1;0755747P;0755747P;1;2;SUZANNE LACORE;SUZANNE LACORE;122;Non;2017;51,20%;70,70%;0,707;3723;3723;https://www.letudiant.fr/etudes/annuaire-des-colleges/college-suzanne-lacore-college-suzanne-lacore-12791.html;Oui;Îles de France;PUBLIC;PUBLIC
;75016;PARIS;PARIS;75016;75;COLLEGE;COLLEGE;PARIS (75);;-;D;Paris;COLLEGE CLAUDE BERNARD;61;15;20;26;27;108;108;88;13,8;13,4;1;0752547L;0752547L;1;3;CLAUDE BERNARD;CLAUDE BERNARD;138;Non;2017;56,50%;81,50%;0,815;3686;3686;https://www.letudiant.fr/etudes/annuaire-des-colleges/college-claude-bernard-8610.html;Oui;Îles de France;PUBLIC;PUBLIC
;75013;PARIS;PARIS;75013;75;COLLEGE;COLLEGE;PARIS (75);;-;D;Paris;COLLEGE GEORGE SAND;54;17;20;17;21;105;105;75;12,3;11,8;1;0752316K;0752316K;1;3;GEORGE SAND;GEORGE SAND;123;Non;2017;51,40%;71,40%;0,714;3658;3658;https://www.letudiant.fr/etudes/annuaire-des-colleges/college-george-sand-8578.html;Oui;Îles de France;PUBLIC;PUBLIC
;75014;PARIS;PARIS;75014;75;COLLEGE;COLLEGE;PARIS (75);;-;D;Paris;COLLEGE ALBERTO GIACOMETTI;71;17;29;25;32;131;131;103;13,3;12,6;1;0750445B;0750445B;1;3;ALBERTO GIACOMETTI;ALBERTO GIACOMETTI;133;Non;2017;54,20%;78,60%;0,786;3618;3618;https://www.letudiant.fr/etudes/annuaire-des-colleges/college-alberto-giacometti-8446.html;Oui;Îles de France;PUBLIC;PUBLIC
;75019;PARIS;PARIS;75019;75;COLLEGE;COLLEGE;PARIS (75);;-;D;Paris;COLLEGE HENRI BERGSON;52;19;7;26;18;100;100;70;12,2;11,9;1;0752555V;0752555V;1;3;HENRI BERGSON;HENRI BERGSON;122;Non;2017;52,00%;70,00%;0,7;3694;3694;https://www.letudiant.fr/etudes/annuaire-des-colleges/college-henri-bergson-8618.html;Oui;Îles de France;PUBLIC;PUBLIC
;75012;PARIS;PARIS;75012;75;COLLEGE;COLLEGE;PARIS (75);;-;D;Paris;COLLEGE GERMAINE TILLION;66;20;16;30;15;115;114;81;12,9;12,3;1;0753936W;0753936W;1;3;GERMAINE TILLION;GERMAINE TILLION;129;Non;2017;57,90%;71,10%;0,711;3709;3709;https://www.letudiant.fr/etudes/annuaire-des-colleges/college-vincent-d-indy-8744.html;Oui;Îles de France;PUBLIC;PUBLIC
;75015;PARIS;PARIS;75015;75;COLLEGE;COLLEGE;PARIS (75);;-;D;Paris;COLLEGE GUILLAUME APOLLINAIRE;79;23;16;40;23;136;135;102;13,4;13,1;1;0752190Y;0752190Y;1;3;GUILLAUME APOLLINAIRE;GUILLAUME APOLLINAIRE;134;Non;2017;58,50%;75,60%;0,756;3648;3648;https://www.letudiant.fr/etudes/annuaire-des-colleges/college-guillaume-apollinaire-8567.html;Oui;Îles de France;PUBLIC;PUBLIC
;75013;PARIS;PARIS;75013;75;COLLEGE;COLLEGE;PARIS (75);;-;D;Paris;COLLEGE GUSTAVE FLAUBERT;90;23;16;51;18;139;139;108;14,2;13,4;1;0753518S;0753518S;1;3;GUSTAVE FLAUBERT;GUSTAVE FLAUBERT;142;Non;2017;64,70%;77,70%;0,777;3708;3708;https://www.letudiant.fr/etudes/annuaire-des-colleges/college-gustave-flaubert-8695.html;Oui;Îles de France;PUBLIC;PUBLIC
;75013;PARIS;PARIS;75013;75;COLLEGE;COLLEGE;PARIS (75);;-;D;Paris;COLLEGE ELSA TRIOLET;71;24;23;24;23;116;114;94;14,5;12,7;1;0752385K;0752385K;1;3;ELSA TRIOLET;ELSA TRIOLET;145;Non;2017;62,30%;82,50%;0,825;3662;3662;https://www.letudiant.fr/etudes/annuaire-des-colleges/college-elsa-triolet-8583.html;Oui;Îles de France;PUBLIC;PUBLIC
;75010;PARIS;PARIS;75010;75;LP LYCÉE DES METIERS;LP LYCÉE DES METIERS;PARIS (75);;-;D;Paris;LP LYCÉE DES METIERS MARIE LAURENCIN;14;11;2;1;6;23;22;20;15,5;12,2;1;0750776L;0750776L;1;3;MARIE LAURENCIN;MARIE LAURENCIN;155;Non;2017;63,60%;90,90%;0,909;6053;6053;;Oui;Îles de France;PUBLIC;PUBLIC
;75015;PARIS;PARIS;75015;75;LP LYCÉE DES METIERS;LP LYCÉE DES METIERS;PARIS (75);;-;D;Paris;LP LYCÉE DES METIERS CLAUDE ANTHIME CORBON;6;3;1;2;6;19;18;12;10;9;1;0750436S;0750436S;1;3;CLAUDE ANTHIME CORBON;CLAUDE ANTHIME CORBON;100;Non;2017;33,30%;66,70%;0,667;6049;6049;;Oui;Îles de France;PUBLIC;PUBLIC
;75014;PARIS;PARIS;75014;75;LP LYCÉE DES METIERS;LP LYCÉE DES METIERS;PARIS (75);;-;D;Paris;LP LYCÉE DES METIERS ERIK SATIE;7;5;1;1;8;22;21;15;10,5;9,7;1;0752846L;0752846L;1;3;ERIK SATIE;ERIK SATIE;105;Non;2017;33,30%;71,40%;0,714;6061;6061;;Oui;Îles de France;PUBLIC;PUBLIC
;75011;PARIS;PARIS;75011;75;LP LYCÉE DES METIERS;LP LYCÉE DES METIERS;PARIS (75);;-;D;Paris;LP LYCÉE DES METIERS TURQUETIL;12;7;2;3;7;22;22;19;14,1;10,6;1;0750778N;0750778N;1;3;TURQUETIL;TURQUETIL;141;Non;2017;54,50%;86,40%;0,864;6054;6054;;Oui;Îles de France;PUBLIC;PUBLIC
;75015;PARIS;PARIS;75015;75;LP LYCÉE DES METIERS;LP LYCÉE DES METIERS;PARIS (75);;-;D;Paris;LP LYCÉE DES METIERS BEAUGRENELLE;11;8;1;2;4;22;22;15;11,8;10,9;1;0750793E;0750793E;1;3;BEAUGRENELLE;BEAUGRENELLE;118;Non;2017;50,00%;68,20%;0,682;6056;6056;;Oui;Îles de France;PUBLIC;PUBLIC
;75019;PARIS;PARIS;75019;75;LP LYCÉE DES METIERS;LP LYCÉE DES METIERS;PARIS (75);;-;D;Paris;LP LYCÉE DES METIERS HECTOR GUIMARD;12;9;1;2;1;18;18;13;13,9;13,5;1;0750802P;0750802P;1;3;HECTOR GUIMARD;HECTOR GUIMARD;139;Non;2017;66,70%;72,20%;0,722;6058;6058;;Oui;Îles de France;PUBLIC;PUBLIC
;75015;PARIS;PARIS;75015;75;LPO LYCÉE DES METIERS;LPO LYCÉE DES METIERS;PARIS (75);;-;D;Paris;LPO LYCÉE DES METIERS LEONARD DE VINCI;12;7;2;3;1;21;20;13;12,5;12,7;1;0754475G;0754475G;1;3;LEONARD DE VINCI;LEONARD DE VINCI;125;Non;2017;60,00%;65,00%;0,65;5540;5540;;Oui;Îles de France;PUBLIC;PUBLIC
;75007;PARIS;PARIS;75007;75;LYCÉE PROFESSIONNEL;LYCÉE PROFESSIONNEL;PARIS (75);;-;D;Paris;LYCÉE PROFESSIONNEL GUSTAVE EIFFEL;17;10;5;2;1;24;24;18;14,6;13;1;0752961L;0752961L;1;3;GUSTAVE EIFFEL;GUSTAVE EIFFEL;146;Non;2017;70,80%;75,00%;0,75;6062;6062;;Oui;Îles de France;PUBLIC;PUBLIC
;75013;PARIS;PARIS;75013;75;LYCÉE PROFESSIONNEL;LYCÉE PROFESSIONNEL;PARIS (75);;-;D;Paris;LYCÉE PROFESSIONNEL GASTON BACHELARD;15;11;4;0;5;20;20;20;17,5;10,1;1;0750553U;0750553U;1;3;GASTON BACHELARD;GASTON BACHELARD;175;Non;2017;75,00%;100,00%;1;6050;6050;;Oui;Îles de France;PUBLIC;PUBLIC
;75003;PARIS;PARIS;75003;75;LYCÉE PROFESSIONNEL;LYCÉE PROFESSIONNEL;PARIS (75);;-;D;Paris;LYCÉE PROFESSIONNEL ABBE GREGOIRE;18;12;5;1;9;43;42;27;10,7;10,6;1;0750770E;0750770E;1;3;ABBE GREGOIRE;ABBE GREGOIRE;107;Non;2017;42,90%;64,30%;0,643;6052;6052;;Oui;Îles de France;PUBLIC;PUBLIC
;75012;PARIS;PARIS;75012;75;LYCÉE PROFESSIONNEL;LYCÉE PROFESSIONNEL;PARIS (75);;-;D;Paris;LYCÉE PROFESSIONNEL CHENNEVIERE MALEZIEUX;13;2;3;8;2;24;23;15;12,2;10,7;1;0750783U;0750783U;1;3;CHENNEVIERE MALEZIEUX;CHENNEVIERE MALEZIEUX;122;Non;2017;56,50%;65,20%;0,652;6055;6055;;Oui;Îles de France;PUBLIC;PUBLIC
;75018;PARIS;PARIS;75018;75;LYCÉE PROFESSIONNEL;LYCÉE PROFESSIONNEL;PARIS (75);;-;D;Paris;LYCÉE PROFESSIONNEL EDMOND ROSTAND;6;3;3;0;5;22;22;11;7,7;8,6;1;0750800M;0750800M;1;3;EDMOND ROSTAND;EDMOND ROSTAND;77;Non;2017;27,30%;50,00%;0,5;6057;6057;;Oui;Îles de France;PUBLIC;PUBLIC
;75012;PARIS;PARIS;75012;75;LYCÉE PROFESSIONNEL;LYCÉE PROFESSIONNEL;PARIS (75);;-;D;Paris;LYCÉE PROFESSIONNEL THEOPHILE GAUTIER;15;3;7;5;5;23;23;20;15,2;12,1;1;0752845K;0752845K;1;3;THEOPHILE GAUTIER;THEOPHILE GAUTIER;152;Non;2017;65,20%;87,00%;0,87;6060;6060;;Oui;Îles de France;PUBLIC;PUBLIC
;75016;PARIS;PARIS;75016;75;LYCÉE PROFESSIONNEL;LYCÉE PROFESSIONNEL;PARIS (75);;-;D;Paris;LYCÉE PROFESSIONNEL RENE CASSIN;11;4;4;3;5;24;24;16;11,3;8,7;1;0750588G;0750588G;1;3;RENE CASSIN;RENE CASSIN;113;Non;2017;45,80%;66,70%;0,667;6051;6051;;Oui;Îles de France;PUBLIC;PUBLIC
;75001;PARIS;PARIS;75001;75;LYCÉE PROFESSIONNEL;LYCÉE PROFESSIONNEL;PARIS (75);;-;D;Paris;LYCÉE PROFESSIONNEL PIERRE LESCOT;14;5;4;5;5;23;23;19;14,4;11,7;1;0752388N;0752388N;1;3;PIERRE LESCOT;PIERRE LESCOT;144;Non;2017;60,90%;82,60%;0,826;6059;6059;;Oui;Îles de France;PUBLIC;PUBLIC
;75017;PARIS;PARIS;75017;75;LYCÉE PROFESSIONNEL;LYCÉE PROFESSIONNEL;PARIS (75);;-;D;Paris;LYCÉE PROFESSIONNEL MARIA DERAISMES;7;6;0;1;5;20;18;12;10,6;8,1;1;0753350J;0753350J;1;3;MARIA DERAISMES;MARIA DERAISMES;106;Non;2017;38,90%;66,70%;0,667;6063;6063;;Oui;Îles de France;PUBLIC;PUBLIC
;75011;PARIS;PARIS;75011;75;COLLEGE;COLLEGE;PARIS (75);;-;C;Paris;COLLEGE LUCIE ET RAYMOND AUBRAC;69;14;19;36;9;95;93;78;15,8;13,8;1;0750465Y;0750465Y;1;3;LUCIE ET RAYMOND AUBRAC;LUCIE ET RAYMOND AUBRAC;158;REP;2017;74,20%;83,90%;0,839;3619;3619;https://www.letudiant.fr/etudes/annuaire-des-colleges/college-lucie-aubrac-8448.html;Oui;Îles de France;PUBLIC;PUBLIC
;75013;PARIS;PARIS;75013;75;COLLEGE;COLLEGE;PARIS (75);;-;C;Paris;COLLEGE EVARISAINTE GALOIS;81;20;25;36;7;93;91;88;18,6;14,6;1;0753937X;0753937X;1;3;EVARISTE GALOIS;EVARISAINTE GALOIS;186;REP;2017;89,00%;96,70%;0,967;3710;3710;https://www.letudiant.fr/etudes/annuaire-des-colleges/college-evariste-galois-8745.html;Oui;Îles de France;PUBLIC;PUBLIC
;75013;PARIS;PARIS;75013;75;COLLEGE;COLLEGE;PARIS (75);;-;C;Paris;COLLEGE CAMILLE CLAUDEL;72;23;23;26;24;118;118;96;14,2;13,6;1;0752694W;0752694W;1;3;CAMILLE CLAUDEL;CAMILLE CLAUDEL;142;REP;2017;61,00%;81,40%;0,814;3699;3699;https://www.letudiant.fr/etudes/annuaire-des-colleges/college-camille-claudel-8625.html;Oui;Îles de France;PUBLIC;PUBLIC
;75020;PARIS;PARIS;75020;75;COLLEGE;COLLEGE;PARIS (75);;-;C;Paris;COLLEGE JEAN-BAPTISAINTE CLEMENT;78;32;23;23;11;93;93;89;18;14,6;1;0750478M;0750478M;1;3;JEAN-BAPTISTE CLEMENT;JEAN-BAPTISAINTE CLEMENT;180;REP;2017;83,90%;95,70%;0,957;3620;3620;https://www.letudiant.fr/etudes/annuaire-des-colleges/college-jean-baptiste-clement-8449.html;Oui;Îles de France;PUBLIC;PUBLIC
;75018;PARIS;PARIS;75018;75;COLLEGE;COLLEGE;PARIS (75);;-;D;Paris;COLLEGE DANIEL MAYER;37;12;13;12;18;80;80;55;11,5;10,4;1;0755030K;0755030K;1;3;DANIEL MAYER;DANIEL MAYER;115;REP;2017;46,30%;68,80%;0,688;3719;3719;https://www.letudiant.fr/etudes/annuaire-des-colleges/college-daniel-mayer-8821.html;Oui;Îles de France;PUBLIC;PUBLIC
;75018;PARIS;PARIS;75018;75;COLLEGE;COLLEGE;PARIS (75);;-;D;Paris;COLLEGE GERARD PHILIPE;41;14;15;12;17;82;80;58;12,4;10,2;1;0752195D;0752195D;1;3;GERARD PHILIPE;GERARD PHILIPE;124;REP;2017;51,30%;72,50%;0,725;3650;3650;https://www.letudiant.fr/etudes/annuaire-des-colleges/college-gerard-philipe-8570.html;Oui;Îles de France;PUBLIC;PUBLIC
;75020;PARIS;PARIS;75020;75;COLLEGE;COLLEGE;PARIS (75);;-;D;Paris;COLLEGE ROBERT DOISNEAU;60;14;18;28;26;97;97;86;15,1;13,5;1;0754355B;0754355B;1;3;ROBERT DOISNEAU;ROBERT DOISNEAU;151;REP;2017;61,90%;88,70%;0,887;3715;3715;https://www.letudiant.fr/etudes/annuaire-des-colleges/college-robert-doisneau-8795.html;Oui;Îles de France;PUBLIC;PUBLIC
;75019;PARIS;PARIS;75019;75;COLLEGE;COLLEGE;PARIS (75);;-;D;Paris;COLLEGE EDGAR VARESE;46;15;11;20;13;94;92;59;11,4;11,7;1;0755095F;0755095F;1;3;EDGAR VARESE;EDGAR VARESE;114;REP;2017;50,00%;64,10%;0,641;3720;3720;https://www.letudiant.fr/etudes/annuaire-des-colleges/college-edgar-varese-8825.html;Oui;Îles de France;PUBLIC;PUBLIC
;75020;PARIS;PARIS;75020;75;COLLEGE;COLLEGE;PARIS (75);;-;D;Paris;COLLEGE FRANCOISE DOLTO;68;16;15;37;24;111;110;92;14,5;13;1;0750552T;0750552T;1;3;FRANCOISE DOLTO;FRANCOISE DOLTO;145;REP;2017;61,80%;83,60%;0,836;3626;3626;https://www.letudiant.fr/etudes/annuaire-des-colleges/college-francoise-dolto-8457.html;Oui;Îles de France;PUBLIC;PUBLIC
;75019;PARIS;PARIS;75019;75;COLLEGE;COLLEGE;PARIS (75);;-;D;Paris;COLLEGE EDOUARD PAILLERON;52;17;11;24;18;84;83;70;14,7;12,3;1;0751707Y;0751707Y;1;3;EDOUARD PAILLERON;EDOUARD PAILLERON;147;REP;2017;62,70%;84,30%;0,843;3639;3639;https://www.letudiant.fr/etudes/annuaire-des-colleges/college-edouard-pailleron-8551.html;Oui;Îles de France;PUBLIC;PUBLIC
;75018;PARIS;PARIS;75018;75;COLLEGE;COLLEGE;PARIS (75);;-;D;Paris;COLLEGE HECTOR BERLIOZ;36;17;13;6;23;86;85;59;11,2;9,1;1;0752252R;0752252R;1;3;HECTOR BERLIOZ;HECTOR BERLIOZ;112;REP;2017;42,40%;69,40%;0,694;3657;3657;https://www.letudiant.fr/etudes/annuaire-des-colleges/college-hector-berlioz-8577.html;Oui;Îles de France;PUBLIC;PUBLIC
;75018;PARIS;PARIS;75018;75;COLLEGE;COLLEGE;PARIS (75);;-;D;Paris;COLLEGE MARIE CURIE;51;17;16;18;25;94;94;76;13,5;12,6;1;0754706H;0754706H;1;3;MARIE CURIE;MARIE CURIE;135;REP;2017;54,30%;80,90%;0,809;3717;3717;https://www.letudiant.fr/etudes/annuaire-des-colleges/college-marie-curie-8810.html;Oui;Îles de France;PUBLIC;PUBLIC
;75018;PARIS;PARIS;75018;75;COLLEGE;COLLEGE;PARIS (75);;-;D;Paris;COLLEGE MARX DORMOY;62;17;20;25;22;104;101;84;14,5;13,3;1;0752196E;0752196E;1;3;MARX DORMOY;MARX DORMOY;145;REP;2017;61,40%;83,20%;0,832;3651;3651;https://www.letudiant.fr/etudes/annuaire-des-colleges/college-marx-dormoy-8571.html;Oui;Îles de France;PUBLIC;PUBLIC
;75010;PARIS;PARIS;75010;75;COLLEGE;COLLEGE;PARIS (75);;-;D;Paris;COLLEGE LA GRANGE AUX BELLES;47;21;18;8;25;107;107;72;11,1;10,8;1;0753047E;0753047E;1;3;LA GRANGE AUX BELLES;LA GRANGE AUX BELLES;111;REP;2017;43,90%;67,30%;0,673;3706;3706;https://www.letudiant.fr/etudes/annuaire-des-colleges/college-la-grange-aux-belles-8677.html;Oui;Îles de France;PUBLIC;PUBLIC
;75019;PARIS;PARIS;75019;75;COLLEGE;COLLEGE;PARIS (75);;-;D;Paris;COLLEGE SONIA DELAUNAY;49;22;12;15;34;117;115;83;11,5;11,2;1;0750575T;0750575T;1;3;SONIA DELAUNAY;SONIA DELAUNAY;115;REP;2017;42,60%;72,20%;0,722;3627;3627;https://www.letudiant.fr/etudes/annuaire-des-colleges/college-sonia-delaunay-8460.html;Oui;Îles de France;PUBLIC;PUBLIC
;75018;PARIS;PARIS;75018;75;COLLEGE;COLLEGE;PARIS (75);;-;D;Paris;COLLEGE AIME CESAIRE;47;22;13;12;21;87;86;68;13,4;12,4;1;0755433Y;0755433Y;1;3;AIME CESAIRE;AIME CESAIRE;134;REP;2017;54,70%;79,10%;0,791;3722;3722;https://www.letudiant.fr/etudes/annuaire-des-colleges/college-pajol-8835.html;Oui;Îles de France;PUBLIC;PUBLIC
;75019;PARIS;PARIS;75019;75;COLLEGE;COLLEGE;PARIS (75);;-;D;Paris;COLLEGE EDMOND MICHELET;53;23;12;18;25;112;111;78;11,8;11,9;1;0753345D;0753345D;1;3;EDMOND MICHELET;EDMOND MICHELET;118;REP;2017;47,70%;70,30%;0,703;3707;3707;https://www.letudiant.fr/etudes/annuaire-des-colleges/college-edmond-michelet-8686.html;Oui;Îles de France;PUBLIC;PUBLIC
;75019;PARIS;PARIS;75019;75;COLLEGE;COLLEGE;PARIS (75);;-;D;Paris;COLLEGE GUILLAUME BUDE;65;23;22;20;23;105;105;88;14,6;13,4;1;0752695X;0752695X;1;3;GUILLAUME BUDE;GUILLAUME BUDE;146;REP;2017;61,90%;83,80%;0,838;3700;3700;https://www.letudiant.fr/etudes/annuaire-des-colleges/college-guillaume-bude-8626.html;Oui;Îles de France;PUBLIC;PUBLIC
;75017;PARIS;PARIS;75017;75;COLLEGE;COLLEGE;PARIS (75);;-;D;Paris;COLLEGE BORIS VIAN;59;27;16;16;26;121;121;85;11,9;10,5;1;0752958H;0752958H;1;3;BORIS VIAN;BORIS VIAN;119;REP;2017;48,80%;70,20%;0,702;3704;3704;https://www.letudiant.fr/etudes/annuaire-des-colleges/college-boris-vian-8674.html;Oui;Îles de France;PUBLIC;PUBLIC
;75020;PARIS;PARIS;75020;75;COLLEGE;COLLEGE;PARIS (75);;-;D;Paris;COLLEGE PIERRE MENDES FRANCE;78;27;23;28;37;142;142;115;13,6;11,7;1;0752198G;0752198G;1;3;PIERRE MENDES FRANCE;PIERRE MENDES FRANCE;136;REP;2017;54,90%;81,00%;0,81;3652;3652;https://www.letudiant.fr/etudes/annuaire-des-colleges/college-pierre-mendes-france-8572.html;Oui;Îles de France;PUBLIC;PUBLIC
;75020;PARIS;PARIS;75020;75;COLLEGE;COLLEGE;PARIS (75);;-;D;Paris;COLLEGE FLORA TRISTAN;81;30;27;24;26;123;118;107;15,9;13,4;1;0753046D;0753046D;1;3;FLORA TRISTAN;FLORA TRISTAN;159;REP;2017;68,60%;90,70%;0,907;3705;3705;https://www.letudiant.fr/etudes/annuaire-des-colleges/college-flora-tristan-8676.html;Oui;Îles de France;PUBLIC;PUBLIC
;75020;PARIS;PARIS;75020;75;COLLEGE;COLLEGE;PARIS (75);;-;D;Paris;COLLEGE JEAN PERRIN;51;31;13;7;26;93;92;77;13,9;11;1;0753939Z;0753939Z;1;3;JEAN PERRIN;JEAN PERRIN;139;REP;2017;55,40%;83,70%;0,837;3712;3712;https://www.letudiant.fr/etudes/annuaire-des-colleges/college-jean-perrin-8747.html;Oui;Îles de France;PUBLIC;PUBLIC
;75019;PARIS;PARIS;75019;75;COLLEGE;COLLEGE;PARIS (75);;-;D;Paris;COLLEGE GEORGES MELIES;79;41;17;21;11;104;103;90;16,4;11,4;1;0752606A;0752606A;1;3;GEORGES MELIES;GEORGES MELIES;164;REP;2017;76,70%;87,40%;0,874;3697;3697;https://www.letudiant.fr/etudes/annuaire-des-colleges/college-georges-melies-8622.html;Oui;Îles de France;PUBLIC;PUBLIC
;75014;PARIS;PARIS;75014;75;COLLEGE;COLLEGE;PARIS (75);;-;D;Paris;COLLEGE FRANCOIS VILLON;95;55;14;26;38;140;138;133;16,5;11,6;1;0752544H;0752544H;1;3;FRANCOIS VILLON;FRANCOIS VILLON;165;REP;2017;68,80%;96,40%;0,964;3683;3683;https://www.letudiant.fr/etudes/annuaire-des-colleges/college-francois-villon-8607.html;Oui;Îles de France;PUBLIC;PUBLIC
;75019;PARIS;PARIS;75019;75;COLLEGE;COLLEGE;PARIS (75);;-;D;Paris;COLLEGE W.A. MOZART;43;9;17;17;18;73;73;61;14,3;13,1;1;0750484U;0750484U;1;3;W.A. MOZART;W.A. MOZART;143;REP;2017;58,90%;83,60%;0,836;3621;3621;https://www.letudiant.fr/etudes/annuaire-des-colleges/college-wolfgang-amadeus-mozart-8450.html;Oui;Îles de France;PUBLIC;PUBLIC
;75018;PARIS;PARIS;75018;75;COLLEGE;COLLEGE;PARIS (75);;-;D;Paris;COLLEGE GEORGES CLEMENCEAU;48;15;18;15;18;74;73;66;15,6;12,8;1;0750546L;0750546L;1;3;GEORGES CLEMENCEAU;GEORGES CLEMENCEAU;156;REP +;2017;65,80%;90,40%;0,904;3624;3624;https://www.letudiant.fr/etudes/annuaire-des-colleges/college-georges-clemenceau-8455.html;Oui;Îles de France;PUBLIC;PUBLIC
;75019;PARIS;PARIS;75019;75;COLLEGE;COLLEGE;PARIS (75);;-;D;Paris;COLLEGE GEORGES ROUAULT;50;17;15;18;24;92;92;74;13,5;12;1;0753938Y;0753938Y;1;3;GEORGES ROUAULT;GEORGES ROUAULT;135;REP +;2017;54,30%;80,40%;0,804;3711;3711;https://www.letudiant.fr/etudes/annuaire-des-colleges/college-georges-rouault-8746.html;Oui;Îles de France;PUBLIC;PUBLIC
;75018;PARIS;PARIS;75018;75;COLLEGE;COLLEGE;PARIS (75);;-;D;Paris;COLLEGE MAURICE UTRILLO;54;18;14;22;23;90;90;77;14,6;11,5;1;0751793S;0751793S;1;3;MAURICE UTRILLO;MAURICE UTRILLO;146;REP +;2017;60,00%;85,60%;0,856;3642;3642;https://www.letudiant.fr/etudes/annuaire-des-colleges/college-maurice-utrillo-8556.html;Oui;Îles de France;PUBLIC;PUBLIC
;75020;PARIS;PARIS;75020;75;COLLEGE;COLLEGE;PARIS (75);;-;D;Paris;COLLEGE COLETTE BESSON;66;26;13;27;18;93;92;84;16,3;12,6;1;0755241P;0755241P;1;3;COLETTE BESSON;COLETTE BESSON;163;REP +;2017;71,70%;91,30%;0,913;3721;3721;https://www.letudiant.fr/etudes/annuaire-des-colleges/college-colette-besson-8830.html;Oui;Îles de France;PUBLIC;PUBLIC
