Commune d'implantation (Par année);Commune d'implantation Lib L (Par année);Ville;Commune d'implantation;Dept.;Dénomination principale (Par année);Dénomination principale;Département;Groupe;Groupe-g;Lib Département;Nom du collège;Nombre admis avec mention;Nombre d'admis sans Mention;Nombre d'inscrits;Nombre de présents;Nombre total d'admis;Note /20;Note-g;Nombre d'enregistrements;Numéro d'établissement (Par année);Numéro d'établissement;Occurrence;Occurrences;Patronyme (Par année);Patronyme;Points;REP;Session;Taux de mention;Taux de réussite;Taux de réussite-g;Tri (Par année);Tri;URL;Validation (Par année);Validation;Zone;Secteur d'enseignement-g;Secteur d'enseignement
75056;PARIS;PARIS;75056;75;COLLEGE;COLLEGE;PARIS (75);-;A;Paris;COLLEGE RAYMOND QUENEAU;79;28;123;123;107;15,1;16,3;1;0752186U;0752186U;1;3;RAYMOND QUENEAU;RAYMOND QUENEAU;151;Non;2016;64,2%;87,0%;0,87;6360;6450;http://www.letudiant.fr/etudes/annuaire-des-colleges/college-raymond-queneau-8564.html;Oui;Oui;Îles de France;PUBLIC;PUBLIC
75056;PARIS;PARIS;75056;75;COLLEGE;COLLEGE;PARIS (75);-;A;Paris;COLLEGE ANNE FRANK;68;26;106;106;94;15,3;15,6;1;0750608D;0750608D;1;3;ANNE FRANK;ANNE FRANK;153;Non;2016;64,2%;88,7%;0,887;6335;6425;http://www.letudiant.fr/etudes/annuaire-des-colleges/college-anne-frank-8465.html;Oui;Oui;Îles de France;PUBLIC;PUBLIC
75056;PARIS;PARIS;75056;75;COLLEGE;COLLEGE;PARIS (75);-;A;Paris;COLLEGE VICTOR HUGO;79;20;114;114;99;15,6;15,7;1;0752524L;0752524L;1;3;VICTOR HUGO;VICTOR HUGO;156;Non;2016;69,3%;86,8%;0,868;6385;6476;http://www.letudiant.fr/etudes/annuaire-des-colleges/college-victor-hugo-8589.html;Oui;Oui;Îles de France;PUBLIC;PUBLIC
75056;PARIS;PARIS;75056;75;COLLEGE;COLLEGE;PARIS (75);-;A;Paris;COLLEGE CHAPTAL;92;34;144;140;126;15,6;16;1;0752529S;0752529S;1;3;CHAPTAL;CHAPTAL;156;Non;2016;65,7%;90,0%;0,9;6390;6481;http://www.letudiant.fr/etudes/annuaire-des-colleges/college-chaptal-8594.html;Oui;Oui;Îles de France;PUBLIC;PUBLIC
75056;PARIS;PARIS;75056;75;COLLEGE;COLLEGE;PARIS (75);-;A;Paris;COLLEGE GEORGES COURTELINE;98;36;146;146;134;15,9;16,1;1;0750444A;0750444A;1;3;GEORGES COURTELINE;GEORGES COURTELINE;159;Non;2016;67,1%;91,8%;0,918;6319;6409;http://www.letudiant.fr/etudes/annuaire-des-colleges/college-georges-courteline-8445.html;Oui;Oui;Îles de France;PUBLIC;PUBLIC
75056;PARIS;PARIS;75056;75;COLLEGE;COLLEGE;PARIS (75);-;A;Paris;COLLEGE FRANCOIS COUPERIN;84;32;126;125;116;16;16,4;1;0752693V;0752693V;1;3;FRANCOIS COUPERIN;FRANCOIS COUPERIN;160;Non;2016;67,2%;92,8%;0,928;6418;6509;http://www.letudiant.fr/etudes/annuaire-des-colleges/college-francois-couperin-8624.html;Oui;Oui;Îles de France;PUBLIC;PUBLIC
75056;PARIS;PARIS;75056;75;COLLEGE;COLLEGE;PARIS (75);-;A;Paris;COLLEGE CARNOT;113;38;167;165;151;16;15,9;1;0752552S;0752552S;1;3;CARNOT;CARNOT;160;Non;2016;68,5%;91,5%;0,915;6411;6502;http://www.letudiant.fr/etudes/annuaire-des-colleges/college-carnot-8615.html;Oui;Oui;Îles de France;PUBLIC;PUBLIC
75056;PARIS;PARIS;75056;75;COLLEGE;COLLEGE;PARIS (75);-;A;Paris;COLLEGE BUFFON;122;38;179;176;160;16;16,4;1;0752545J;0752545J;1;3;BUFFON;BUFFON;160;Non;2016;69,3%;90,9%;0,909;6404;6495;http://www.letudiant.fr/etudes/annuaire-des-colleges/college-buffon-8608.html;Oui;Oui;Îles de France;PUBLIC;PUBLIC
75056;PARIS;PARIS;75056;75;COLLEGE;COLLEGE;PARIS (75);-;A;Paris;COLLEGE LAVOISIER;64;22;93;93;86;16,1;17,7;1;0752531U;0752531U;1;3;LAVOISIER;LAVOISIER;161;Non;2016;68,8%;92,5%;0,925;6392;6483;http://www.letudiant.fr/etudes/annuaire-des-colleges/college-lavoisier-8596.html;Oui;Oui;Îles de France;PUBLIC;PUBLIC
75056;PARIS;PARIS;75056;75;COLLEGE;COLLEGE;PARIS (75);-;A;Paris;COLLEGE JANSON DE SAILLY;165;48;233;233;213;16,2;17;1;0752548M;0752548M;1;3;JANSON DE SAILLY;JANSON DE SAILLY;162;Non;2016;70,8%;91,4%;0,914;6407;6498;http://www.letudiant.fr/etudes/annuaire-des-colleges/college-janson-de-sailly-8611.html;Oui;Oui;Îles de France;PUBLIC;PUBLIC
75056;PARIS;PARIS;75056;75;COLLEGE;COLLEGE;PARIS (75);-;A;Paris;COLLEGE PIERRE ALVISET;103;22;142;140;125;16,3;16,7;1;0751790N;0751790N;1;3;PIERRE ALVISET;PIERRE ALVISET;163;Non;2016;73,6%;89,3%;0,893;6355;6445;http://www.letudiant.fr/etudes/annuaire-des-colleges/college-pierre-alviset-8554.html;Oui;Oui;Îles de France;PUBLIC;PUBLIC
75056;PARIS;PARIS;75056;75;COLLEGE;COLLEGE;PARIS (75);-;A;Paris;COLLEGE VICTOR DURUY;125;31;173;172;156;16,3;16;1;0752528R;0752528R;1;3;VICTOR DURUY;VICTOR DURUY;163;Non;2016;72,7%;90,7%;0,907;6389;6480;http://www.letudiant.fr/etudes/annuaire-des-colleges/college-victor-duruy-8593.html;Oui;Oui;Îles de France;PUBLIC;PUBLIC
75056;PARIS;PARIS;75056;75;COLLEGE;COLLEGE;PARIS (75);-;A;Paris;COLLEGE CESAR FRANCK;61;11;82;81;72;16,4;16,4;1;0752248L;0752248L;1;3;CESAR FRANCK;CESAR FRANCK;164;Non;2016;75,3%;88,9%;0,889;6369;6459;http://www.letudiant.fr/etudes/annuaire-des-colleges/college-cesar-franck-8573.html;Oui;Oui;Îles de France;PUBLIC;PUBLIC
75056;PARIS;PARIS;75056;75;COLLEGE;COLLEGE;PARIS (75);-;A;Paris;COLLEGE PIERRE JEAN DE BERANGER;62;18;85;84;80;16,9;16,7;1;0750387N;0750387N;1;3;PIERRE-JEAN DE BERANGER;PIERRE JEAN DE BERANGER;169;Non;2016;73,8%;95,2%;0,952;6315;6405;http://www.letudiant.fr/etudes/annuaire-des-colleges/college-pierre-jean-de-beranger-8439.html;Oui;Oui;Îles de France;PUBLIC;PUBLIC
75056;PARIS;PARIS;75056;75;COLLEGE;COLLEGE;PARIS (75);-;A;Paris;COLLEGE GEORGES DUHAMEL;77;31;108;108;108;17,1;16,6;1;0752192A;0752192A;1;3;GEORGES DUHAMEL;GEORGES DUHAMEL;171;Non;2016;71,3%;100,0%;1;6364;6454;http://www.letudiant.fr/etudes/annuaire-des-colleges/college-georges-duhamel-8568.html;Oui;Oui;Îles de France;PUBLIC;PUBLIC
75056;PARIS;PARIS;75056;75;COLLEGE;COLLEGE;PARIS (75);-;A;Paris;COLLEGE JULES ROMAINS;124;28;163;161;152;17,1;16,3;1;0752249M;0752249M;1;3;JULES ROMAINS;JULES ROMAINS;171;Non;2016;77,0%;94,4%;0,944;6370;6460;http://www.letudiant.fr/etudes/annuaire-des-colleges/college-jules-romains-8574.html;Oui;Oui;Îles de France;PUBLIC;PUBLIC
75056;PARIS;PARIS;75056;75;COLLEGE;COLLEGE;PARIS (75);-;A;Paris;COLLEGE JEAN DE LA FONTAINE;169;35;218;217;204;17,2;17,4;1;0752550P;0752550P;1;3;JEAN DE LA FONTAINE;JEAN DE LA FONTAINE;172;Non;2016;77,9%;94,0%;0,94;6409;6500;http://www.letudiant.fr/etudes/annuaire-des-colleges/college-jean-de-la-fontaine-8613.html;Oui;Oui;Îles de France;PUBLIC;PUBLIC
75056;PARIS;PARIS;75056;75;COLLEGE;COLLEGE;PARIS (75);-;A;Paris;COLLEGE MONTAIGNE;122;32;161;160;154;17,3;16,7;1;0752527P;0752527P;1;3;MONTAIGNE;MONTAIGNE;173;Non;2016;76,3%;96,3%;0,963;6388;6479;http://www.letudiant.fr/etudes/annuaire-des-colleges/college-montaigne-8592.html;Oui;Oui;Îles de France;PUBLIC;PUBLIC
75056;PARIS;PARIS;75056;75;COLLEGE;COLLEGE;PARIS (75);-;A;Paris;COLLEGE OCTAVE GREARD;143;27;181;181;170;17,3;17,1;1;0752530T;0752530T;1;3;OCTAVE GREARD;OCTAVE GREARD;173;Non;2016;79,0%;93,9%;0,939;6391;6482;http://www.letudiant.fr/etudes/annuaire-des-colleges/college-octave-greard-8595.html;Oui;Oui;Îles de France;PUBLIC;PUBLIC
75056;PARIS;PARIS;75056;75;COLLEGE;COLLEGE;PARIS (75);-;A;Paris;COLLEGE ANDRE MALRAUX;90;23;118;117;113;17,4;16,7;1;0752387M;0752387M;1;3;ANDRE MALRAUX;ANDRE MALRAUX;174;Non;2016;76,9%;96,6%;0,966;6382;6473;http://www.letudiant.fr/etudes/annuaire-des-colleges/college-andre-malraux-8584.html;Oui;Oui;Îles de France;PUBLIC;PUBLIC
75056;PARIS;PARIS;75056;75;COLLEGE;COLLEGE;PARIS (75);-;A;Paris;COLLEGE CHARLEMAGNE;90;25;118;118;115;17,4;18,1;1;0752525M;0752525M;1;3;CHARLEMAGNE;CHARLEMAGNE;174;Non;2016;76,3%;97,5%;0,975;6386;6477;http://www.letudiant.fr/etudes/annuaire-des-colleges/college-charlemagne-8590.html;Oui;Oui;Îles de France;PUBLIC;PUBLIC
75056;PARIS;PARIS;75056;75;COLLEGE;COLLEGE;PARIS (75);-;A;Paris;COLLEGE YVONNE LE TAC;84;18;107;105;102;17,7;16,9;1;0752108J;0752108J;1;3;YVONNE LE TAC;YVONNE LE TAC;177;Non;2016;80,0%;97,1%;0,971;6359;6449;http://www.letudiant.fr/etudes/annuaire-des-colleges/college-yvonne-le-tac-8559.html;Oui;Oui;Îles de France;PUBLIC;PUBLIC
75056;PARIS;PARIS;75056;75;COLLEGE;COLLEGE;PARIS (75);-;A;Paris;COLLEGE PIERRE DE RONSARD;144;24;177;176;168;17,7;17;1;0752107H;0752107H;1;3;PIERRE DE RONSARD;PIERRE DE RONSARD;177;Non;2016;81,8%;95,5%;0,955;6358;6448;http://www.letudiant.fr/etudes/annuaire-des-colleges/college-pierre-de-ronsard-8558.html;Oui;Oui;Îles de France;PUBLIC;PUBLIC
75056;PARIS;PARIS;75056;75;COLLEGE;COLLEGE;PARIS (75);-;A;Paris;COLLEGE CONDORCET;169;31;205;203;200;18,2;17,7;1;0751791P;0751791P;1;3;CONDORCET;CONDORCET;182;Non;2016;83,3%;98,5%;0,985;6356;6446;http://www.letudiant.fr/etudes/annuaire-des-colleges/college-condorcet-8555.html;Oui;Oui;Îles de France;PUBLIC;PUBLIC
75056;PARIS;PARIS;75056;75;COLLEGE;COLLEGE;PARIS (75);-;A;Paris;COLLEGE HENRI IV;147;22;173;173;169;18,3;18,5;1;0752526N;0752526N;1;3;HENRI IV;HENRI IV;183;Non;2016;85,0%;97,7%;0,977;6387;6478;http://www.letudiant.fr/etudes/annuaire-des-colleges/college-henri-iv-8591.html;Oui;Oui;Îles de France;PUBLIC;PUBLIC
75056;PARIS;PARIS;75056;75;COLLEGE;COLLEGE;PARIS (75);-;A;Paris;COLLEGE JEAN BAPTISTE SAY;152;20;173;173;172;18,7;18,3;1;0752549N;0752549N;1;3;JEAN-BAPTISTE SAY;JEAN BAPTISTE SAY;187;Non;2016;87,9%;99,4%;0,994;6408;6499;http://www.letudiant.fr/etudes/annuaire-des-colleges/college-jean-baptiste-say-8612.html;Oui;Oui;Îles de France;PUBLIC;PUBLIC
75056;PARIS;PARIS;75056;75;COLLEGE;COLLEGE;PARIS (75);-;A;Paris;COLLEGE ROGNONI;46;6;52;52;52;18,9;19,1;1;0750407K;0750407K;1;3;ROGNONI;ROGNONI;189;Non;2016;88,5%;100,0%;1;6316;6406;http://www.letudiant.fr/etudes/annuaire-des-colleges/college-rognoni-8440.html;Oui;Oui;Îles de France;PUBLIC;PUBLIC
75056;PARIS;PARIS;75056;75;COLLEGE;COLLEGE;PARIS (75);-;B;Paris;COLLEGE GABRIEL FAURE;75;25;136;133;100;13,2;14,4;1;0752540D;0752540D;1;3;GABRIEL FAURE;GABRIEL FAURE;132;Non;2016;56,4%;75,2%;0,752;6400;6491;http://www.letudiant.fr/etudes/annuaire-des-colleges/college-gabriel-faure-8604.html;Oui;Oui;Îles de France;PUBLIC;PUBLIC
75056;PARIS;PARIS;75056;75;COLLEGE;COLLEGE;PARIS (75);-;B;Paris;COLLEGE RODIN;58;34;110;110;92;13,6;14,5;1;0752538B;0752538B;1;3;RODIN;RODIN;136;Non;2016;52,7%;83,6%;0,836;6398;6489;http://www.letudiant.fr/etudes/annuaire-des-colleges/college-rodin-8602.html;Oui;Oui;Îles de France;PUBLIC;PUBLIC
75056;PARIS;PARIS;75056;75;COLLEGE;COLLEGE;PARIS (75);-;B;Paris;COLLEGE CHARLES PEGUY;50;21;87;87;71;13,9;14,5;1;0751706X;0751706X;1;3;CHARLES PEGUY;CHARLES PEGUY;139;Non;2016;57,5%;81,6%;0,816;6353;6443;http://www.letudiant.fr/etudes/annuaire-des-colleges/college-charles-peguy-8550.html;Oui;Oui;Îles de France;PUBLIC;PUBLIC
75056;PARIS;PARIS;75056;75;COLLEGE;COLLEGE;PARIS (75);-;B;Paris;COLLEGE HONORE DE BALZAC;127;48;221;216;175;14;14,5;1;0752553T;0752553T;1;3;HONORE DE BALZAC;HONORE DE BALZAC;140;Non;2016;58,8%;81,0%;0,81;6412;6503;http://www.letudiant.fr/etudes/annuaire-des-colleges/college-honore-de-balzac-8616.html;Oui;Oui;Îles de France;PUBLIC;PUBLIC
75056;PARIS;PARIS;75056;75;COLLEGE;COLLEGE;PARIS (75);-;B;Paris;COLLEGE SAINT EXUPERY;51;16;83;82;67;14,4;15,1;1;0754253R;0754253R;1;3;SAINT-EXUPERY;SAINT EXUPERY;144;Non;2016;62,2%;81,7%;0,817;6501;6592;http://www.letudiant.fr/etudes/annuaire-des-colleges/college-saint-exupery-8790.html;Oui;Oui;Îles de France;PUBLIC;PUBLIC
75056;PARIS;PARIS;75056;75;COLLEGE;COLLEGE;PARIS (75);-;B;Paris;COLLEGE GUY FLAVIEN;61;27;105;103;88;14,5;14,2;1;0752189X;0752189X;1;3;GUY FLAVIEN;GUY FLAVIEN;145;Non;2016;59,2%;85,4%;0,854;6362;6452;http://www.letudiant.fr/etudes/annuaire-des-colleges/college-guy-flavien-8566.html;Oui;Oui;Îles de France;PUBLIC;PUBLIC
75056;PARIS;PARIS;75056;75;COLLEGE;COLLEGE;PARIS (75);-;B;Paris;COLLEGE JEAN MOULIN;97;42;166;163;139;14,5;15,2;1;0750611G;0750611G;1;3;JEAN MOULIN;JEAN MOULIN;145;Non;2016;59,5%;85,3%;0,853;6338;6428;http://www.letudiant.fr/etudes/annuaire-des-colleges/college-jean-moulin-8468.html;Oui;Oui;Îles de France;PUBLIC;PUBLIC
75056;PARIS;PARIS;75056;75;COLLEGE;COLLEGE;PARIS (75);-;B;Paris;COLLEGE BEAUMARCHAIS;56;21;96;90;77;14,8;15,2;1;0750362L;0750362L;1;3;BEAUMARCHAIS;BEAUMARCHAIS;148;Non;2016;62,2%;85,6%;0,856;6314;6404;http://www.letudiant.fr/etudes/annuaire-des-colleges/college-beaumarchais-8438.html;Oui;Oui;Îles de France;PUBLIC;PUBLIC
75056;PARIS;PARIS;75056;75;COLLEGE;COLLEGE;PARIS (75);-;B;Paris;COLLEGE JANSON DE SAILLY   SITE EUGÈNE;88;37;145;144;125;14,8;14,2;1;0752194C;0752194C;1;3;JANSON DE SAILLY - SITE EUGÈNE;JANSON DE SAILLY   SITE EUGÈNE;148;Non;2016;61,1%;86,8%;0,868;6365;6455;http://www.letudiant.fr/etudes/annuaire-des-colleges/college-eugene-delacroix-8569.html;Oui;Oui;Îles de France;PUBLIC;PUBLIC
75056;PARIS;PARIS;75056;75;COLLEGE;COLLEGE;PARIS (75);-;B;Paris;COLLEGE CLAUDE MONET;48;26;83;82;74;14,9;14,5;1;0752539C;0752539C;1;3;CLAUDE MONET;CLAUDE MONET;149;Non;2016;58,5%;90,2%;0,902;6399;6490;http://www.letudiant.fr/etudes/annuaire-des-colleges/college-claude-monet-8603.html;Oui;Oui;Îles de France;PUBLIC;PUBLIC
75056;PARIS;PARIS;75056;75;COLLEGE;COLLEGE;PARIS (75);-;B;Paris;COLLEGE JACQUES PREVERT;53;22;86;86;75;14,9;15;1;0752187V;0752187V;1;3;JACQUES PREVERT;JACQUES PREVERT;149;Non;2016;61,6%;87,2%;0,872;6361;6451;http://www.letudiant.fr/etudes/annuaire-des-colleges/college-jacques-prevert-8565.html;Oui;Oui;Îles de France;PUBLIC;PUBLIC
75056;PARIS;PARIS;75056;75;COLLEGE;COLLEGE;PARIS (75);-;B;Paris;COLLEGE ROLAND DORGELES;73;22;111;111;95;15,1;14,8;1;0750429J;0750429J;1;3;ROLAND DORGELES;ROLAND DORGELES;151;Non;2016;65,8%;85,6%;0,856;6317;6407;http://www.letudiant.fr/etudes/annuaire-des-colleges/college-roland-dorgeles-8443.html;Oui;Oui;Îles de France;PUBLIC;PUBLIC
75056;PARIS;PARIS;75056;75;COLLEGE;COLLEGE;PARIS (75);-;B;Paris;COLLEGE ANTOINE COYSEVOX;82;23;125;124;105;15,1;14,3;1;0752319N;0752319N;1;3;ANTOINE COYSEVOX;ANTOINE COYSEVOX;151;Non;2016;66,1%;84,7%;0,847;6377;6468;http://www.letudiant.fr/etudes/annuaire-des-colleges/college-antoine-coysevox-8581.html;Oui;Oui;Îles de France;PUBLIC;PUBLIC
75056;PARIS;PARIS;75056;75;COLLEGE;COLLEGE;PARIS (75);-;B;Paris;COLLEGE JACQUES DECOUR;84;38;136;136;122;15,2;15,1;1;0752532V;0752532V;1;3;JACQUES DECOUR;JACQUES DECOUR;152;Non;2016;61,8%;89,7%;0,897;6393;6484;http://www.letudiant.fr/etudes/annuaire-des-colleges/college-jacques-decour-8597.html;Oui;Oui;Îles de France;PUBLIC;PUBLIC
75056;PARIS;PARIS;75056;75;COLLEGE;COLLEGE;PARIS (75);-;B;Paris;COLLEGE DE STAEL;86;31;137;134;117;15,2;14,3;1;0751563S;0751563S;1;3;DE STAEL;DE STAEL;152;Non;2016;64,2%;87,3%;0,873;6350;6440;http://www.letudiant.fr/etudes/annuaire-des-colleges/college-de-stael-8545.html;Oui;Oui;Îles de France;PUBLIC;PUBLIC
75056;PARIS;PARIS;75056;75;COLLEGE;COLLEGE;PARIS (75);-;B;Paris;COLLEGE THOMAS MANN;88;29;140;135;117;15,2;14,4;1;0755000C;0755000C;1;3;THOMAS MANN;THOMAS MANN;152;Non;2016;65,2%;86,7%;0,867;6512;6603;http://www.letudiant.fr/etudes/annuaire-des-colleges/college-thomas-mann-8818.html;Oui;Oui;Îles de France;PUBLIC;PUBLIC
75056;PARIS;PARIS;75056;75;COLLEGE;COLLEGE;PARIS (75);-;B;Paris;COLLEGE MOLIERE;85;42;144;138;127;15,4;15;1;0752551R;0752551R;1;3;MOLIERE;MOLIERE;154;Non;2016;61,6%;92,0%;0,92;6410;6501;http://www.letudiant.fr/etudes/annuaire-des-colleges/college-moliere-8614.html;Oui;Oui;Îles de France;PUBLIC;PUBLIC
75056;PARIS;PARIS;75056;75;COLLEGE;COLLEGE;PARIS (75);-;B;Paris;COLLEGE CAMILLE SEE;95;45;154;153;140;15,4;15,5;1;0752546K;0752546K;1;3;CAMILLE SEE;CAMILLE SEE;154;Non;2016;62,1%;91,5%;0,915;6405;6496;http://www.letudiant.fr/etudes/annuaire-des-colleges/college-camille-see-8609.html;Oui;Oui;Îles de France;PUBLIC;PUBLIC
75056;PARIS;PARIS;75056;75;COLLEGE;COLLEGE;PARIS (75);-;B;Paris;COLLEGE ALPHONSE DAUDET;72;29;114;112;101;15,5;14,5;1;0751705W;0751705W;1;3;ALPHONSE DAUDET;ALPHONSE DAUDET;155;Non;2016;64,3%;90,2%;0,902;6352;6442;http://www.letudiant.fr/etudes/annuaire-des-colleges/college-alphonse-daudet-8549.html;Oui;Oui;Îles de France;PUBLIC;PUBLIC
75056;PARIS;PARIS;75056;75;COLLEGE;COLLEGE;PARIS (75);-;B;Paris;COLLEGE JULES FERRY;73;31;115;113;104;15,7;14,9;1;0752533W;0752533W;1;3;JULES FERRY;JULES FERRY;157;Non;2016;64,6%;92,0%;0,92;6394;6485;http://www.letudiant.fr/etudes/annuaire-des-colleges/college-jules-ferry-8598.html;Oui;Oui;Îles de France;PUBLIC;PUBLIC
75056;PARIS;PARIS;75056;75;COLLEGE;COLLEGE;PARIS (75);-;B;Paris;COLLEGE JEAN FRANCOIS OEBEN;76;18;109;108;94;15,7;14,8;1;0752542F;0752542F;1;3;JEAN-FRANCOIS OEBEN;JEAN FRANCOIS OEBEN;157;Non;2016;70,4%;87,0%;0,87;6401;6492;http://www.letudiant.fr/etudes/annuaire-des-colleges/college-jean-francois-oeben-8605.html;Oui;Oui;Îles de France;PUBLIC;PUBLIC
75056;PARIS;PARIS;75056;75;COLLEGE;COLLEGE;PARIS (75);-;B;Paris;COLLEGE LAMARTINE;67;23;99;98;90;16;14,8;1;0752534X;0752534X;1;3;LAMARTINE;LAMARTINE;160;Non;2016;68,4%;91,8%;0,918;6395;6486;http://www.letudiant.fr/etudes/annuaire-des-colleges/college-lamartine-8599.html;Oui;Oui;Îles de France;PUBLIC;PUBLIC
75056;PARIS;PARIS;75056;75;COLLEGE;COLLEGE;PARIS (75);-;B;Paris;COLLEGE HELENE BOUCHER;78;25;114;113;103;16;14,8;1;0752556W;0752556W;1;3;HELENE BOUCHER;HELENE BOUCHER;160;Non;2016;69,0%;91,2%;0,912;6415;6506;http://www.letudiant.fr/etudes/annuaire-des-colleges/college-helene-boucher-8619.html;Oui;Oui;Îles de France;PUBLIC;PUBLIC
75056;PARIS;PARIS;75056;75;COLLEGE;COLLEGE;PARIS (75);-;B;Paris;COLLEGE PAUL GAUGUIN;66;22;98;96;88;16,1;15,2;1;0752250N;0752250N;1;3;PAUL GAUGUIN;PAUL GAUGUIN;161;Non;2016;68,8%;91,7%;0,917;6371;6461;http://www.letudiant.fr/etudes/annuaire-des-colleges/college-paul-gauguin-8575.html;Oui;Oui;Îles de France;PUBLIC;PUBLIC
75056;PARIS;PARIS;75056;75;COLLEGE;COLLEGE;PARIS (75);-;B;Paris;COLLEGE CLAUDE DEBUSSY;74;26;108;108;100;16,1;15,1;1;0752317L;0752317L;1;3;CLAUDE DEBUSSY;CLAUDE DEBUSSY;161;Non;2016;68,5%;92,6%;0,926;6375;6466;http://www.letudiant.fr/etudes/annuaire-des-colleges/college-claude-debussy-8579.html;Oui;Oui;Îles de France;PUBLIC;PUBLIC
75056;PARIS;PARIS;75056;75;COLLEGE;COLLEGE;PARIS (75);-;B;Paris;COLLEGE MOULIN DES PRES;76;30;113;113;106;16,1;15,5;1;0750525N;0750525N;1;3;MOULIN DES PRES;MOULIN DES PRES;161;Non;2016;67,3%;93,8%;0,938;6325;6415;http://www.letudiant.fr/etudes/annuaire-des-colleges/college-moulin-des-pres-8454.html;Oui;Oui;Îles de France;PUBLIC;PUBLIC
75056;PARIS;PARIS;75056;75;COLLEGE;COLLEGE;PARIS (75);-;B;Paris;COLLEGE LOUISE MICHEL;95;31;138;137;126;16,1;14,2;1;0752251P;0752251P;1;3;LOUISE MICHEL;LOUISE MICHEL;161;Non;2016;69,3%;92,0%;0,92;6372;6462;http://www.letudiant.fr/etudes/annuaire-des-colleges/college-louise-michel-8576.html;Oui;Oui;Îles de France;PUBLIC;PUBLIC
75056;PARIS;PARIS;75056;75;COLLEGE;COLLEGE;PARIS (75);-;B;Paris;COLLEGE PAUL BERT;63;20;87;87;83;16,8;15,1;1;0752543G;0752543G;1;3;PAUL BERT;PAUL BERT;168;Non;2016;72,4%;95,4%;0,954;6402;6493;http://www.letudiant.fr/etudes/annuaire-des-colleges/college-paul-bert-8606.html;Oui;Oui;Îles de France;PUBLIC;PUBLIC
75056;PARIS;PARIS;75056;75;LP LYCEE DES METIERS;LYCÉE DES MÉTIERS PUBLIC;PARIS (75);-;B;Paris;LYCÉE DES MÉTIERS HECTOR GUIMARD;11;5;21;19;16;14,2;14,3;1;0750802P;0750802P;1;3;HECTOR GUIMARD;HECTOR GUIMARD;142;Non;2016;57,9%;84,2%;0,842;6347;6437;;Oui;Oui;Îles de France;PUBLIC;PUBLIC
75056;PARIS;PARIS;75056;75;COLLEGE;COLLEGE;PARIS (75);-;C;Paris;COLLEGE GUILLAUME APOLLINAIRE;51;29;110;108;80;12,1;13,2;1;0752190Y;0752190Y;1;3;GUILLAUME APOLLINAIRE;GUILLAUME APOLLINAIRE;121;Non;2016;47,2%;74,1%;0,741;6363;6453;http://www.letudiant.fr/etudes/annuaire-des-colleges/college-guillaume-apollinaire-8567.html;Oui;Oui;Îles de France;PUBLIC;PUBLIC
75056;PARIS;PARIS;75056;75;COLLEGE;COLLEGE;PARIS (75);-;C;Paris;COLLEGE VALMY;45;25;94;93;70;12,4;13,1;1;0750584C;0750584C;1;3;VALMY;VALMY;124;Non;2016;48,4%;75,3%;0,753;6331;6421;http://www.letudiant.fr/etudes/annuaire-des-colleges/college-valmy-8461.html;Oui;Oui;Îles de France;PUBLIC;PUBLIC
75056;PARIS;PARIS;75056;75;COLLEGE;COLLEGE;PARIS (75);-;C;Paris;COLLEGE CLAUDE CHAPPE;56;19;106;104;75;12,6;13,7;1;0750360J;0750360J;1;3;CLAUDE CHAPPE;CLAUDE CHAPPE;126;Non;2016;53,8%;72,1%;0,721;6313;6403;http://www.letudiant.fr/etudes/annuaire-des-colleges/college-claude-chappe-8437.html;Oui;Oui;Îles de France;PUBLIC;PUBLIC
75056;PARIS;PARIS;75056;75;COLLEGE;COLLEGE;PARIS (75);-;C;Paris;COLLEGE VOLTAIRE;57;19;108;105;76;12,7;12,8;1;0752536Z;0752536Z;1;3;VOLTAIRE;VOLTAIRE;127;Non;2016;54,3%;72,4%;0,724;6396;6487;http://www.letudiant.fr/etudes/annuaire-des-colleges/college-voltaire-8600.html;Oui;Oui;Îles de France;PUBLIC;PUBLIC
75056;PARIS;PARIS;75056;75;COLLEGE;COLLEGE;PARIS (75);-;C;Paris;COLLEGE MODIGLIANI;71;41;148;144;112;12,7;13,9;1;0752318M;0752318M;1;3;MODIGLIANI;MODIGLIANI;127;Non;2016;49,3%;77,8%;0,778;6376;6467;http://www.letudiant.fr/etudes/annuaire-des-colleges/college-modigliani-8580.html;Oui;Oui;Îles de France;PUBLIC;PUBLIC
75056;PARIS;PARIS;75056;75;COLLEGE;COLLEGE;PARIS (75);-;C;Paris;COLLEGE BERNARD PALISSY;47;28;96;95;75;12,8;13;1;0752829T;0752829T;1;3;BERNARD PALISSY;BERNARD PALISSY;128;Non;2016;49,5%;78,9%;0,789;6424;6515;http://www.letudiant.fr/etudes/annuaire-des-colleges/college-bernard-palissy-8632.html;Oui;Oui;Îles de France;PUBLIC;PUBLIC
75056;PARIS;PARIS;75056;75;COLLEGE;COLLEGE;PARIS (75);-;C;Paris;COLLEGE PILATRE DE ROZIER;48;26;97;95;74;12,8;13,5;1;0754528P;0754528P;1;3;PILATRE DE ROZIER;PILATRE DE ROZIER;128;Non;2016;50,5%;77,9%;0,779;6507;6598;http://www.letudiant.fr/etudes/annuaire-des-colleges/college-pilatre-de-rozier-8803.html;Oui;Oui;Îles de France;PUBLIC;PUBLIC
75056;PARIS;PARIS;75056;75;COLLEGE;COLLEGE;PARIS (75);-;C;Paris;COLLEGE CLAUDE BERNARD;58;33;117;116;91;12,8;12,9;1;0752547L;0752547L;1;3;CLAUDE BERNARD;CLAUDE BERNARD;128;Non;2016;50,0%;78,4%;0,784;6406;6497;http://www.letudiant.fr/etudes/annuaire-des-colleges/college-claude-bernard-8610.html;Oui;Oui;Îles de France;PUBLIC;PUBLIC
75056;PARIS;PARIS;75056;75;COLLEGE;COLLEGE;PARIS (75);-;C;Paris;COLLEGE JULES VERNE;38;22;80;76;60;12,9;13,3;1;0750610F;0750610F;1;3;JULES VERNE;JULES VERNE;129;Non;2016;50,0%;78,9%;0,789;6337;6427;http://www.letudiant.fr/etudes/annuaire-des-colleges/college-jules-verne-8467.html;Oui;Oui;Îles de France;PUBLIC;PUBLIC
75056;PARIS;PARIS;75056;75;COLLEGE;COLLEGE;PARIS (75);-;C;Paris;COLLEGE JEAN BAPTISTE POQUELIN;41;24;81;80;65;13,3;14;1;0751703U;0751703U;1;3;JEAN-BAPTISTE POQUELIN;JEAN BAPTISTE POQUELIN;133;Non;2016;51,3%;81,3%;0,813;6351;6441;http://www.letudiant.fr/etudes/annuaire-des-colleges/college-jean-baptiste-poquelin-8548.html;Oui;Oui;Îles de France;PUBLIC;PUBLIC
75056;PARIS;PARIS;75056;75;COLLEGE;COLLEGE;PARIS (75);-;C;Paris;COLLEGE LEON GAMBETTA;67;35;127;125;102;13,5;13;1;0752696Y;0752696Y;1;3;LEON GAMBETTA;LEON GAMBETTA;135;Non;2016;53,6%;81,6%;0,816;6421;6512;http://www.letudiant.fr/etudes/annuaire-des-colleges/college-leon-gambetta-8627.html;Oui;Oui;Îles de France;PUBLIC;PUBLIC
75056;PARIS;PARIS;75056;75;COLLEGE;COLLEGE;PARIS (75);-;C;Paris;COLLEGE GEORGES BRAQUE;78;32;141;139;110;13,5;14,1;1;0752957G;0752957G;1;3;GEORGES BRAQUE;GEORGES BRAQUE;135;Non;2016;56,1%;79,1%;0,791;6460;6551;http://www.letudiant.fr/etudes/annuaire-des-colleges/college-georges-braque-8673.html;Oui;Oui;Îles de France;PUBLIC;PUBLIC
75056;PARIS;PARIS;75056;75;COLLEGE;COLLEGE;PARIS (75);-;C;Paris;COLLEGE PAUL VERLAINE;77;38;139;138;115;13,9;13,8;1;0750609E;0750609E;1;3;PAUL VERLAINE;PAUL VERLAINE;139;Non;2016;55,8%;83,3%;0,833;6336;6426;http://www.letudiant.fr/etudes/annuaire-des-colleges/college-paul-verlaine-8466.html;Oui;Oui;Îles de France;PUBLIC;PUBLIC
75056;PARIS;PARIS;75056;75;COLLEGE;COLLEGE;PARIS (75);-;C;Paris;COLLEGE GEORGES BRASSENS;62;31;111;110;93;14,1;13,1;1;0750507U;0750507U;1;3;GEORGES BRASSENS;GEORGES BRASSENS;141;Non;2016;56,4%;84,5%;0,845;6324;6414;http://www.letudiant.fr/etudes/annuaire-des-colleges/college-georges-brassens-8452.html;Oui;Oui;Îles de France;PUBLIC;PUBLIC
75056;PARIS;PARIS;75056;75;COLLEGE;COLLEGE;PARIS (75);-;C;Paris;COLLEGE HENRI MATISSE;57;25;99;98;82;14,2;13,4;1;0750591K;0750591K;1;3;HENRI MATISSE;HENRI MATISSE;142;Non;2016;58,2%;83,7%;0,837;6333;6423;http://www.letudiant.fr/etudes/annuaire-des-colleges/college-henri-matisse-8463.html;Oui;Oui;Îles de France;PUBLIC;PUBLIC
75056;PARIS;PARIS;75056;75;COLLEGE;COLLEGE;PARIS (75);-;C;Paris;COLLEGE ALAIN FOURNIER;65;39;119;119;104;14,2;13,7;1;0750607C;0750607C;1;3;ALAIN FOURNIER;ALAIN FOURNIER;142;Non;2016;54,6%;87,4%;0,874;6334;6424;http://www.letudiant.fr/etudes/annuaire-des-colleges/college-alain-fournier-8464.html;Oui;Oui;Îles de France;PUBLIC;PUBLIC
75056;PARIS;PARIS;75056;75;COLLEGE;COLLEGE;PARIS (75);-;C;Paris;COLLEGE MONTGOLFIER;58;28;99;99;86;14,6;13,5;1;0752523K;0752523K;1;3;MONTGOLFIER;MONTGOLFIER;146;Non;2016;58,6%;86,9%;0,869;6384;6475;http://www.letudiant.fr/etudes/annuaire-des-colleges/college-montgolfier-8588.html;Oui;Oui;Îles de France;PUBLIC;PUBLIC
75056;PARIS;PARIS;75056;75;COLLEGE;COLLEGE;PARIS (75);-;C;Paris;COLLEGE ANDRE CITROEN;92;46;161;157;138;14,7;14,1;1;0754305X;0754305X;1;3;ANDRE CITROEN;ANDRE CITROEN;147;Non;2016;58,6%;87,9%;0,879;6503;6594;http://www.letudiant.fr/etudes/annuaire-des-colleges/college-andre-citroen-8792.html;Oui;Oui;Îles de France;PUBLIC;PUBLIC
75056;PARIS;PARIS;75056;75;COLLEGE;COLLEGE;PARIS (75);-;C;Paris;COLLEGE STEPHANE MALLARME;102;33;161;155;135;15,3;14;1;0752554U;0752554U;1;3;STEPHANE MALLARME;STEPHANE MALLARME;153;Non;2016;65,8%;87,1%;0,871;6413;6504;http://www.letudiant.fr/etudes/annuaire-des-colleges/college-stephane-mallarme-8617.html;Oui;Oui;Îles de France;PUBLIC;PUBLIC
75056;PARIS;PARIS;75056;75;LPO LYCEE DES METIERS;LYCÉE DES MÉTIERS PUBLIC;PARIS (75);-;C;Paris;LYCÉE DES MÉTIERS LEONARD DE VINCI;11;6;19;19;17;14,7;12,8;1;0754475G;0754475G;1;3;LEONARD DE VINCI;LEONARD DE VINCI;147;Non;2016;57,9%;89,5%;0,895;6505;6596;;Oui;Oui;Îles de France;PUBLIC;PUBLIC
75056;PARIS;PARIS;75056;75;COLLEGE;COLLEGE;PARIS (75);-;D;Paris;COLLEGE GEORGE SAND;50;32;129;128;82;10,3;12,2;1;0752316K;0752316K;1;3;GEORGE SAND;GEORGE SAND;103;Non;2016;39,1%;64,1%;0,641;6374;6465;http://www.letudiant.fr/etudes/annuaire-des-colleges/college-george-sand-8578.html;Oui;Oui;Îles de France;PUBLIC;PUBLIC
75056;PARIS;PARIS;75056;75;COLLEGE;COLLEGE;PARIS (75);-;D;Paris;COLLEGE LUCIE FAURE;37;30;91;91;67;11,4;11,2;1;0750550R;0750550R;1;3;LUCIE FAURE;LUCIE FAURE;114;Non;2016;40,7%;73,6%;0,736;6327;6417;http://www.letudiant.fr/etudes/annuaire-des-colleges/college-lucie-faure-8456.html;Oui;Oui;Îles de France;PUBLIC;PUBLIC
75056;PARIS;PARIS;75056;75;COLLEGE;COLLEGE;PARIS (75);-;D;Paris;COLLEGE HENRI BERGSON;43;33;108;104;76;11,4;11,9;1;0752555V;0752555V;1;3;HENRI BERGSON;HENRI BERGSON;114;Non;2016;41,3%;73,1%;0,731;6414;6505;http://www.letudiant.fr/etudes/annuaire-des-colleges/college-henri-bergson-8618.html;Oui;Oui;Îles de France;PUBLIC;PUBLIC
75056;PARIS;PARIS;75056;75;COLLEGE;COLLEGE;PARIS (75);-;D;Paris;COLLEGE MAURICE RAVEL;40;26;90;90;66;11,8;11,7;1;0752557X;0752557X;1;3;MAURICE RAVEL;MAURICE RAVEL;118;Non;2016;44,4%;73,3%;0,733;6416;6507;http://www.letudiant.fr/etudes/annuaire-des-colleges/college-maurice-ravel-8620.html;Oui;Oui;Îles de France;PUBLIC;PUBLIC
75056;PARIS;PARIS;75056;75;COLLEGE;COLLEGE;PARIS (75);-;D;Paris;COLLEGE ALBERTO GIACOMETTI;43;38;102;102;81;12,2;12;1;0750445B;0750445B;1;3;ALBERTO GIACOMETTI;ALBERTO GIACOMETTI;122;Non;2016;42,2%;79,4%;0,794;6320;6410;http://www.letudiant.fr/etudes/annuaire-des-colleges/college-alberto-giacometti-8446.html;Oui;Oui;Îles de France;PUBLIC;PUBLIC
75056;PARIS;PARIS;75056;75;COLLEGE;COLLEGE;PARIS (75);-;D;Paris;COLLEGE ELSA TRIOLET;47;29;101;98;76;12,6;11,8;1;0752385K;0752385K;1;3;ELSA TRIOLET;ELSA TRIOLET;126;Non;2016;48,0%;77,6%;0,776;6381;6472;http://www.letudiant.fr/etudes/annuaire-des-colleges/college-elsa-triolet-8583.html;Oui;Oui;Îles de France;PUBLIC;PUBLIC
75056;PARIS;PARIS;75056;75;COLLEGE;COLLEGE;PARIS (75);-;D;Paris;COLLEGE GUSTAVE FLAUBERT;70;30;140;135;100;12,6;12,5;1;0753518S;0753518S;1;3;GUSTAVE FLAUBERT;GUSTAVE FLAUBERT;126;Non;2016;51,9%;74,1%;0,741;6474;6565;http://www.letudiant.fr/etudes/annuaire-des-colleges/college-gustave-flaubert-8695.html;Oui;Oui;Îles de France;PUBLIC;PUBLIC
75056;PARIS;PARIS;75056;75;COLLEGE;COLLEGE;PARIS (75);-;D;Paris;COLLEGE PAUL VALERY;48;31;96;96;79;13,2;12,4;1;0752537A;0752537A;1;3;PAUL VALERY;PAUL VALERY;132;Non;2016;50,0%;82,3%;0,823;6397;6488;http://www.letudiant.fr/etudes/annuaire-des-colleges/college-paul-valery-8601.html;Oui;Oui;Îles de France;PUBLIC;PUBLIC
75056;PARIS;PARIS;75056;75;COLLEGE;COLLEGE;PARIS (75);-;D;Paris;COLLEGE GERMAINE TILLION;44;24;86;83;68;13,5;11,9;1;0753936W;0753936W;1;3;GERMAINE TILLION;GERMAINE TILLION;135;Non;2016;53,0%;81,9%;0,819;6479;6570;http://www.letudiant.fr/etudes/annuaire-des-colleges/college-vincent-d-indy-8744.html;Oui;Oui;Îles de France;PUBLIC;PUBLIC
75056;PARIS;PARIS;75056;75;LP LYCEE DES METIERS;LYCÉE DES MÉTIERS PUBLIC;PARIS (75);-;D;Paris;LYCÉE DES MÉTIERS CLAUDE ANTHIME CORBON;3;9;22;19;12;7,9;9,9;1;0750436S;0750436S;1;3;CLAUDE ANTHIME CORBON;CLAUDE ANTHIME CORBON;79;Non;2016;15,8%;63,2%;0,632;6318;6408;;Oui;Oui;Îles de France;PUBLIC;PUBLIC
75056;PARIS;PARIS;75056;75;LP LYCEE DES METIERS;LYCÉE DES MÉTIERS PUBLIC;PARIS (75);-;D;Paris;LYCÉE DES MÉTIERS TURQUETIL;3;12;22;19;15;9,5;8,3;1;0750778N;0750778N;1;3;TURQUETIL;TURQUETIL;95;Non;2016;15,8%;78,9%;0,789;6343;6433;;Oui;Oui;Îles de France;PUBLIC;PUBLIC
75056;PARIS;PARIS;75056;75;LP LYCEE DES METIERS;LYCÉE DES MÉTIERS PUBLIC;PARIS (75);-;D;Paris;LYCÉE DES MÉTIERS ERIK SATIE;6;9;23;22;15;9,6;10,3;1;0752846L;0752846L;1;3;ERIK SATIE;ERIK SATIE;96;Non;2016;27,3%;68,2%;0,682;6428;6519;;Oui;Oui;Îles de France;PUBLIC;PUBLIC
75056;PARIS;PARIS;75056;75;LP LYCEE DES METIERS;LYCÉE DES MÉTIERS PUBLIC;PARIS (75);-;D;Paris;LYCÉE DES MÉTIERS BEAUGRENELLE;8;6;24;22;14;10;11;1;0750793E;0750793E;1;3;BEAUGRENELLE;BEAUGRENELLE;100;Non;2016;36,4%;63,6%;0,636;6345;6435;;Oui;Oui;Îles de France;PUBLIC;PUBLIC
75056;PARIS;PARIS;75056;75;LP LYCEE DES METIERS;LYCÉE DES MÉTIERS PUBLIC;PARIS (75);-;D;Paris;LYCÉE DES MÉTIERS MARIE LAURENCIN;8;11;23;22;19;12,3;10,4;1;0750776L;0750776L;1;3;MARIE LAURENCIN;MARIE LAURENCIN;123;Non;2016;36,4%;86,4%;0,864;6342;6432;;Oui;Oui;Îles de France;PUBLIC;PUBLIC
75056;PARIS;PARIS;75056;75;LYCEE PROFESSIONNEL;LYCÉE PROFESSIONNEL PUBLIC;PARIS (75);-;D;Paris;LYCÉE PRO. GASTON BACHELARD;4;15;35;35;19;6,6;8,6;1;0750553U;0750553U;1;3;GASTON BACHELARD;GASTON BACHELARD;66;Non;2016;11,4%;54,3%;0,543;6329;6419;;Oui;Oui;Îles de France;PUBLIC;PUBLIC
75056;PARIS;PARIS;75056;75;LYCEE PROFESSIONNEL;LYCÉE PROFESSIONNEL PUBLIC;PARIS (75);-;D;Paris;LYCÉE PRO. MARIA DERAISMES;8;11;39;34;19;7,9;5,7;1;0753350J;0753350J;1;3;MARIA DERAISMES;MARIA DERAISMES;79;Non;2016;23,5%;55,9%;0,559;6470;6561;;Oui;Oui;Îles de France;PUBLIC;PUBLIC
75056;PARIS;PARIS;75056;75;LYCEE PROFESSIONNEL;LYCÉE PROFESSIONNEL PUBLIC;PARIS (75);-;D;Paris;LYCÉE PRO. EDMOND ROSTAND;5;10;23;22;15;9,1;9,7;1;0750800M;0750800M;1;3;EDMOND ROSTAND;EDMOND ROSTAND;91;Non;2016;22,7%;68,2%;0,682;6346;6436;;Oui;Oui;Îles de France;PUBLIC;PUBLIC
75056;PARIS;PARIS;75056;75;LYCEE PROFESSIONNEL;LYCÉE PROFESSIONNEL PUBLIC;PARIS (75);-;D;Paris;LYCÉE PRO. CHENNEVIERE MALEZIEUX;6;10;24;23;16;9,6;9,5;1;0750783U;0750783U;1;3;CHENNEVIERE MALEZIEUX;CHENNEVIERE MALEZIEUX;96;Non;2016;26,1%;69,6%;0,696;6344;6434;;Oui;Oui;Îles de France;PUBLIC;PUBLIC
75056;PARIS;PARIS;75056;75;LYCEE PROFESSIONNEL;LYCÉE PROFESSIONNEL PUBLIC;PARIS (75);-;D;Paris;LYCÉE PRO. RENE CASSIN;8;5;22;22;13;9,6;7;1;0750588G;0750588G;1;3;RENE CASSIN;RENE CASSIN;96;Non;2016;36,4%;59,1%;0,591;6332;6422;;Oui;Oui;Îles de France;PUBLIC;PUBLIC
75056;PARIS;PARIS;75056;75;LYCEE PROFESSIONNEL;LYCÉE PROFESSIONNEL PUBLIC;PARIS (75);-;D;Paris;LYCÉE PRO. PIERRE LESCOT;5;13;23;23;18;10;11,2;1;0752388N;0752388N;1;3;PIERRE LESCOT;PIERRE LESCOT;100;Non;2016;21,7%;78,3%;0,783;6383;6474;;Oui;Oui;Îles de France;PUBLIC;PUBLIC
75056;PARIS;PARIS;75056;75;LYCEE PROFESSIONNEL;LYCÉE PROFESSIONNEL PUBLIC;PARIS (75);-;D;Paris;LYCÉE PRO. ABBE GREGOIRE;13;28;54;53;41;10,2;9,6;1;0750770E;0750770E;1;3;ABBE GREGOIRE;ABBE GREGOIRE;102;Non;2016;24,5%;77,4%;0,774;6341;6431;;Oui;Oui;Îles de France;PUBLIC;PUBLIC
75056;PARIS;PARIS;75056;75;LYCEE PROFESSIONNEL;LYCÉE PROFESSIONNEL PUBLIC;PARIS (75);-;D;Paris;LYCÉE PRO. THEOPHILE GAUTIER;6;10;21;20;16;11;9;1;0752845K;0752845K;1;3;THEOPHILE GAUTIER;THEOPHILE GAUTIER;110;Non;2016;30,0%;80,0%;0,8;6427;6518;;Oui;Oui;Îles de France;PUBLIC;PUBLIC
75056;PARIS;PARIS;75056;75;LYCEE PROFESSIONNEL;LYCÉE PROFESSIONNEL PUBLIC;PARIS (75);-;D;Paris;LYCÉE PRO. GUSTAVE EIFFEL;8;6;21;19;14;11,6;12,4;1;0752961L;0752961L;1;3;GUSTAVE EIFFEL;GUSTAVE EIFFEL;116;Non;2016;42,1%;73,7%;0,737;6462;6553;;Oui;Oui;Îles de France;PUBLIC;PUBLIC
75056;PARIS;PARIS;75056;75;COLLEGE;COLLEGE;PARIS (75);-;C;Paris;COLLEGE EVARISTE GALOIS;48;25;96;95;73;12,7;12,8;1;0753937X;0753937X;1;3;EVARISTE GALOIS;EVARISTE GALOIS;127;REP;2016;50,5%;76,8%;0,768;6480;6571;http://www.letudiant.fr/etudes/annuaire-des-colleges/college-evariste-galois-8745.html;Oui;Oui;Îles de France;PUBLIC;PUBLIC
75056;PARIS;PARIS;75056;75;COLLEGE;COLLEGE;PARIS (75);-;C;Paris;COLLEGE JEAN BAPTISTE CLEMENT;48;31;99;94;79;13,5;13,4;1;0750478M;0750478M;1;3;JEAN-BAPTISTE CLEMENT;JEAN BAPTISTE CLEMENT;135;REP;2016;51,1%;84,0%;0,84;6322;6412;http://www.letudiant.fr/etudes/annuaire-des-colleges/college-jean-baptiste-clement-8449.html;Oui;Oui;Îles de France;PUBLIC;PUBLIC
75056;PARIS;PARIS;75056;75;COLLEGE;COLLEGE;PARIS (75);-;D;Paris;COLLEGE GERARD PHILIPE;25;28;95;92;53;8,5;10;1;0752195D;0752195D;1;3;GERARD PHILIPE;GERARD PHILIPE;85;REP;2016;27,2%;57,6%;0,576;6366;6456;http://www.letudiant.fr/etudes/annuaire-des-colleges/college-gerard-philipe-8570.html;Oui;Oui;Îles de France;PUBLIC;PUBLIC
75056;PARIS;PARIS;75056;75;COLLEGE;COLLEGE;PARIS (75);-;D;Paris;COLLEGE HECTOR BERLIOZ;22;41;98;93;63;9,1;8,8;1;0752252R;0752252R;1;3;HECTOR BERLIOZ;HECTOR BERLIOZ;91;REP;2016;23,7%;67,7%;0,677;6373;6463;http://www.letudiant.fr/etudes/annuaire-des-colleges/college-hector-berlioz-8577.html;Oui;Oui;Îles de France;PUBLIC;PUBLIC
75056;PARIS;PARIS;75056;75;COLLEGE;COLLEGE;PARIS (75);-;D;Paris;COLLEGE DANIEL MAYER;36;34;117;113;70;9,4;9,8;1;0755030K;0755030K;1;3;DANIEL MAYER;DANIEL MAYER;94;REP;2016;31,9%;61,9%;0,619;6514;6605;http://www.letudiant.fr/etudes/annuaire-des-colleges/college-daniel-mayer-8821.html;Oui;Oui;Îles de France;PUBLIC;PUBLIC
75056;PARIS;PARIS;75056;75;COLLEGE;COLLEGE;PARIS (75);-;D;Paris;COLLEGE FRANCOIS VILLON;39;55;145;141;94;9,4;9,1;1;0752544H;0752544H;1;3;FRANCOIS VILLON;FRANCOIS VILLON;94;REP;2016;27,7%;66,7%;0,667;6403;6494;http://www.letudiant.fr/etudes/annuaire-des-colleges/college-francois-villon-8607.html;Oui;Oui;Îles de France;PUBLIC;PUBLIC
75056;PARIS;PARIS;75056;75;COLLEGE;COLLEGE;PARIS (75);-;D;Paris;COLLEGE GEORGES MELIES;31;49;118;117;80;9,5;9;1;0752606A;0752606A;1;3;GEORGES MELIES;GEORGES MELIES;95;REP;2016;26,5%;68,4%;0,684;6417;6508;http://www.letudiant.fr/etudes/annuaire-des-colleges/college-georges-melies-8622.html;Oui;Oui;Îles de France;PUBLIC;PUBLIC
75056;PARIS;PARIS;75056;75;COLLEGE;COLLEGE;PARIS (75);-;D;Paris;COLLEGE EDOUARD PAILLERON;29;33;93;91;62;10;10,4;1;0751707Y;0751707Y;1;3;EDOUARD PAILLERON;EDOUARD PAILLERON;100;REP;2016;31,9%;68,1%;0,681;6354;6444;http://www.letudiant.fr/etudes/annuaire-des-colleges/college-edouard-pailleron-8551.html;Oui;Oui;Îles de France;PUBLIC;PUBLIC
75056;PARIS;PARIS;75056;75;COLLEGE;COLLEGE;PARIS (75);-;D;Paris;COLLEGE LA GRANGE AUX BELLES;38;31;111;107;69;10;10,6;1;0753047E;0753047E;1;3;LA GRANGE AUX BELLES;LA GRANGE AUX BELLES;100;REP;2016;35,5%;64,5%;0,645;6464;6555;http://www.letudiant.fr/etudes/annuaire-des-colleges/college-la-grange-aux-belles-8677.html;Oui;Oui;Îles de France;PUBLIC;PUBLIC
75056;PARIS;PARIS;75056;75;COLLEGE;COLLEGE;PARIS (75);-;D;Paris;COLLEGE BORIS VIAN;42;53;138;137;95;10;9,6;1;0752958H;0752958H;1;3;BORIS VIAN;BORIS VIAN;100;REP;2016;30,7%;69,3%;0,693;6461;6552;http://www.letudiant.fr/etudes/annuaire-des-colleges/college-boris-vian-8674.html;Oui;Oui;Îles de France;PUBLIC;PUBLIC
75056;PARIS;PARIS;75056;75;COLLEGE;COLLEGE;PARIS (75);-;D;Paris;COLLEGE PIERRE MENDES FRANCE;53;48;151;150;101;10,3;10,8;1;0752198G;0752198G;1;3;PIERRE MENDES FRANCE;PIERRE MENDES FRANCE;103;REP;2016;35,3%;67,3%;0,673;6368;6458;http://www.letudiant.fr/etudes/annuaire-des-colleges/college-pierre-mendes-france-8572.html;Oui;Oui;Îles de France;PUBLIC;PUBLIC
75056;PARIS;PARIS;75056;75;COLLEGE;COLLEGE;PARIS (75);-;D;Paris;COLLEGE JEAN PERRIN;33;31;94;93;64;10,4;10,5;1;0753939Z;0753939Z;1;3;JEAN PERRIN;JEAN PERRIN;104;REP;2016;35,5%;68,8%;0,688;6482;6573;http://www.letudiant.fr/etudes/annuaire-des-colleges/college-jean-perrin-8747.html;Oui;Oui;Îles de France;PUBLIC;PUBLIC
75056;PARIS;PARIS;75056;75;COLLEGE;COLLEGE;PARIS (75);-;D;Paris;COLLEGE W.A. MOZART;30;16;68;68;46;11,2;11,8;1;0750484U;0750484U;1;3;W.A. MOZART;W.A. MOZART;112;REP;2016;44,1%;67,6%;0,676;6323;6413;http://www.letudiant.fr/etudes/annuaire-des-colleges/college-wolfgang-amadeus-mozart-8450.html;Oui;Oui;Îles de France;PUBLIC;PUBLIC
75056;PARIS;PARIS;75056;75;COLLEGE;COLLEGE;PARIS (75);-;D;Paris;COLLEGE AIME CESAIRE;38;35;94;94;73;11,8;11,8;1;0755433Y;0755433Y;1;3;AIME CESAIRE;AIME CESAIRE;118;REP;2016;40,4%;77,7%;0,777;6519;6610;http://www.letudiant.fr/etudes/annuaire-des-colleges/college-pajol-8835.html;Oui;Oui;Îles de France;PUBLIC;PUBLIC
75056;PARIS;PARIS;75056;75;COLLEGE;COLLEGE;PARIS (75);-;D;Paris;COLLEGE EDGAR VARESE;42;29;96;94;71;12;11,3;1;0755095F;0755095F;1;3;EDGAR VARESE;EDGAR VARESE;120;REP;2016;44,7%;75,5%;0,755;6516;6607;http://www.letudiant.fr/etudes/annuaire-des-colleges/college-edgar-varese-8825.html;Oui;Oui;Îles de France;PUBLIC;PUBLIC
75056;PARIS;PARIS;75056;75;COLLEGE;COLLEGE;PARIS (75);-;D;Paris;COLLEGE EDMOND MICHELET;45;29;99;99;74;12;11,3;1;0753345D;0753345D;1;3;EDMOND MICHELET;EDMOND MICHELET;120;REP;2016;45,5%;74,7%;0,747;6469;6560;http://www.letudiant.fr/etudes/annuaire-des-colleges/college-edmond-michelet-8686.html;Oui;Oui;Îles de France;PUBLIC;PUBLIC
75056;PARIS;PARIS;75056;75;COLLEGE;COLLEGE;PARIS (75);-;D;Paris;COLLEGE GUILLAUME BUDE;55;24;108;107;79;12,5;12,4;1;0752695X;0752695X;1;3;GUILLAUME BUDE;GUILLAUME BUDE;125;REP;2016;51,4%;73,8%;0,738;6420;6511;http://www.letudiant.fr/etudes/annuaire-des-colleges/college-guillaume-bude-8626.html;Oui;Oui;Îles de France;PUBLIC;PUBLIC
75056;PARIS;PARIS;75056;75;COLLEGE;COLLEGE;PARIS (75);-;D;Paris;COLLEGE SONIA DELAUNAY;54;40;122;118;94;12,6;10,9;1;0750575T;0750575T;1;3;SONIA DELAUNAY;SONIA DELAUNAY;126;REP;2016;45,8%;79,7%;0,797;6330;6420;http://www.letudiant.fr/etudes/annuaire-des-colleges/college-sonia-delaunay-8460.html;Oui;Oui;Îles de France;PUBLIC;PUBLIC
75056;PARIS;PARIS;75056;75;COLLEGE;COLLEGE;PARIS (75);-;D;Paris;COLLEGE MARIE CURIE;38;35;86;86;73;12,9;10,7;1;0754706H;0754706H;1;3;MARIE CURIE;MARIE CURIE;129;REP;2016;44,2%;84,9%;0,849;6508;6599;http://www.letudiant.fr/etudes/annuaire-des-colleges/college-marie-curie-8810.html;Oui;Oui;Îles de France;PUBLIC;PUBLIC
75056;PARIS;PARIS;75056;75;COLLEGE;COLLEGE;PARIS (75);-;D;Paris;COLLEGE FRANCOISE DOLTO;56;41;118;117;97;13,1;12,7;1;0750552T;0750552T;1;3;FRANCOISE DOLTO;FRANCOISE DOLTO;131;REP;2016;47,9%;82,9%;0,829;6328;6418;http://www.letudiant.fr/etudes/annuaire-des-colleges/college-francoise-dolto-8457.html;Oui;Oui;Îles de France;PUBLIC;PUBLIC
75056;PARIS;PARIS;75056;75;COLLEGE;COLLEGE;PARIS (75);-;D;Paris;COLLEGE FLORA TRISTAN;59;41;124;119;100;13,4;12;1;0753046D;0753046D;1;3;FLORA TRISTAN;FLORA TRISTAN;134;REP;2016;49,6%;84,0%;0,84;6463;6554;http://www.letudiant.fr/etudes/annuaire-des-colleges/college-flora-tristan-8676.html;Oui;Oui;Îles de France;PUBLIC;PUBLIC
75056;PARIS;PARIS;75056;75;COLLEGE;COLLEGE;PARIS (75);-;D;Paris;COLLEGE LUCIE ET RAYMOND AUBRAC;52;27;100;97;79;13,5;12,3;1;0750465Y;0750465Y;1;3;LUCIE ET RAYMOND AUBRAC;LUCIE ET RAYMOND AUBRAC;135;REP;2016;53,6%;81,4%;0,814;6321;6411;http://www.letudiant.fr/etudes/annuaire-des-colleges/college-lucie-aubrac-8448.html;Oui;Oui;Îles de France;PUBLIC;PUBLIC
75056;PARIS;PARIS;75056;75;COLLEGE;COLLEGE;PARIS (75);-;D;Paris;COLLEGE MARX DORMOY;51;27;95;94;78;13,7;12,7;1;0752196E;0752196E;1;3;MARX DORMOY;MARX DORMOY;137;REP;2016;54,3%;83,0%;0,83;6367;6457;http://www.letudiant.fr/etudes/annuaire-des-colleges/college-marx-dormoy-8571.html;Oui;Oui;Îles de France;PUBLIC;PUBLIC
75056;PARIS;PARIS;75056;75;COLLEGE;COLLEGE;PARIS (75);-;D;Paris;COLLEGE ROBERT DOISNEAU;62;32;115;114;94;13,7;11,8;1;0754355B;0754355B;1;3;ROBERT DOISNEAU;ROBERT DOISNEAU;137;REP;2016;54,4%;82,5%;0,825;6504;6595;http://www.letudiant.fr/etudes/annuaire-des-colleges/college-robert-doisneau-8795.html;Oui;Oui;Îles de France;PUBLIC;PUBLIC
75056;PARIS;PARIS;75056;75;COLLEGE;COLLEGE;PARIS (75);-;D;Paris;COLLEGE CAMILLE CLAUDEL;73;28;125;125;101;13,9;12,7;1;0752694W;0752694W;1;3;CAMILLE CLAUDEL;CAMILLE CLAUDEL;139;REP;2016;58,4%;80,8%;0,808;6419;6510;http://www.letudiant.fr/etudes/annuaire-des-colleges/college-camille-claudel-8625.html;Oui;Oui;Îles de France;PUBLIC;PUBLIC
75056;PARIS;PARIS;75056;75;COLLEGE;COLLEGE;PARIS (75);-;D;Paris;COLLEGE MAURICE UTRILLO;35;32;92;92;67;11,1;9,4;1;0751793S;0751793S;1;3;MAURICE UTRILLO;MAURICE UTRILLO;111;REP +;2016;38,0%;72,8%;0,728;6357;6447;http://www.letudiant.fr/etudes/annuaire-des-colleges/college-maurice-utrillo-8556.html;Oui;Oui;Îles de France;PUBLIC;PUBLIC
75056;PARIS;PARIS;75056;75;COLLEGE;COLLEGE;PARIS (75);-;D;Paris;COLLEGE COLETTE BESSON;36;32;93;92;68;11,3;11,1;1;0755241P;0755241P;1;3;COLETTE BESSON;COLETTE BESSON;113;REP +;2016;39,1%;73,9%;0,739;6518;6609;http://www.letudiant.fr/etudes/annuaire-des-colleges/college-colette-besson-8830.html;Oui;Oui;Îles de France;PUBLIC;PUBLIC
75056;PARIS;PARIS;75056;75;COLLEGE;COLLEGE;PARIS (75);-;D;Paris;COLLEGE GEORGES CLEMENCEAU;22;36;72;70;58;11,4;10,7;1;0750546L;0750546L;1;3;GEORGES CLEMENCEAU;GEORGES CLEMENCEAU;114;REP +;2016;31,4%;82,9%;0,829;6326;6416;http://www.letudiant.fr/etudes/annuaire-des-colleges/college-georges-clemenceau-8455.html;Oui;Oui;Îles de France;PUBLIC;PUBLIC
75056;PARIS;PARIS;75056;75;COLLEGE;COLLEGE;PARIS (75);-;D;Paris;COLLEGE GEORGES ROUAULT;49;48;120;118;97;12,4;10,9;1;0753938Y;0753938Y;1;3;GEORGES ROUAULT;GEORGES ROUAULT;124;REP +;2016;41,5%;82,2%;0,822;6481;6572;http://www.letudiant.fr/etudes/annuaire-des-colleges/college-georges-rouault-8746.html;Oui;Oui;Îles de France;PUBLIC;PUBLIC
